gal_ID,rho0_b,Rb,SigD,Rd,rho0_h,Rh,incl,phi,x_cen,y_cen,Vsys,chi2
10001-3703,nan,nan,nan,nan,nan,nan,nan,nan,nan,nan,nan,nan
10001-6102,nan,nan,nan,nan,nan,nan,nan,nan,nan,nan,nan,nan
10214-6104,nan,nan,nan,nan,nan,nan,nan,nan,nan,nan,nan,nan
10215-3702,nan,nan,nan,nan,nan,nan,nan,nan,nan,nan,nan,nan
10215-6104,nan,nan,nan,nan,nan,nan,nan,nan,nan,nan,nan,nan
10216-6104,nan,nan,nan,nan,nan,nan,nan,nan,nan,nan,nan,nan
10217-3704,nan,nan,nan,nan,nan,nan,nan,nan,nan,nan,nan,nan
10218-1901,nan,nan,nan,nan,nan,nan,nan,nan,nan,nan,nan,nan
10218-3704,nan,nan,nan,nan,nan,nan,nan,nan,nan,nan,nan,nan
10218-9101,nan,nan,nan,nan,nan,nan,nan,nan,nan,nan,nan,nan
10219-12702,nan,nan,nan,nan,nan,nan,nan,nan,nan,nan,nan,nan
10219-12703,nan,nan,nan,nan,nan,nan,nan,nan,nan,nan,nan,nan
10220-12702,nan,nan,nan,nan,nan,nan,nan,nan,nan,nan,nan,nan
10220-12704,nan,nan,nan,nan,nan,nan,nan,nan,nan,nan,nan,nan
10221-1902,nan,nan,nan,nan,nan,nan,nan,nan,nan,nan,nan,nan
10221-6101,nan,nan,nan,nan,nan,nan,nan,nan,nan,nan,nan,nan
10221-6103,nan,nan,nan,nan,nan,nan,nan,nan,nan,nan,nan,nan
10222-12702,-1.117159768054629,1.7675505102232723,898.2376535575237,5.822859439238489,-1.9621914998070678,185.7861458476339,1.059517962663959,3.77857732980316,35.0716500971012,37.11032631371124,5.931647043452498,92.60062074475313
10222-12705,nan,nan,nan,nan,nan,nan,nan,nan,nan,nan,nan,nan
10222-3704,nan,nan,nan,nan,nan,nan,nan,nan,nan,nan,nan,nan
10222-9102,nan,nan,nan,nan,nan,nan,nan,nan,nan,nan,nan,nan
10223-1902,nan,nan,nan,nan,nan,nan,nan,nan,nan,nan,nan,nan
10223-3703,nan,nan,nan,nan,nan,nan,nan,nan,nan,nan,nan,nan
10224-3702,nan,nan,nan,nan,nan,nan,nan,nan,nan,nan,nan,nan
10224-3703,nan,nan,nan,nan,nan,nan,nan,nan,nan,nan,nan,nan
10224-6104,nan,nan,nan,nan,nan,nan,nan,nan,nan,nan,nan,nan
10224-9101,nan,nan,nan,nan,nan,nan,nan,nan,nan,nan,nan,nan
10225-6101,nan,nan,nan,nan,nan,nan,nan,nan,nan,nan,nan,nan
10226-1902,nan,nan,nan,nan,nan,nan,nan,nan,nan,nan,nan,nan
10226-3703,nan,nan,nan,nan,nan,nan,nan,nan,nan,nan,nan,nan
10492-12701,nan,nan,nan,nan,nan,nan,nan,nan,nan,nan,nan,nan
10492-12704,nan,nan,nan,nan,nan,nan,nan,nan,nan,nan,nan,nan
10492-12705,nan,nan,nan,nan,nan,nan,nan,nan,nan,nan,nan,nan
10492-9101,nan,nan,nan,nan,nan,nan,nan,nan,nan,nan,nan,nan
10494-12701,nan,nan,nan,nan,nan,nan,nan,nan,nan,nan,nan,nan
10494-3704,nan,nan,nan,nan,nan,nan,nan,nan,nan,nan,nan,nan
10494-6101,nan,nan,nan,nan,nan,nan,nan,nan,nan,nan,nan,nan
10495-12704,nan,nan,nan,nan,nan,nan,nan,nan,nan,nan,nan,nan
10496-12701,nan,nan,nan,nan,nan,nan,nan,nan,nan,nan,nan,nan
10496-6102,nan,nan,nan,nan,nan,nan,nan,nan,nan,nan,nan,nan
10498-12702,nan,nan,nan,nan,nan,nan,nan,nan,nan,nan,nan,nan
10498-3704,nan,nan,nan,nan,nan,nan,nan,nan,nan,nan,nan,nan
10498-6104,nan,nan,nan,nan,nan,nan,nan,nan,nan,nan,nan,nan
10498-9101,nan,nan,nan,nan,nan,nan,nan,nan,nan,nan,nan,nan
10499-12705,nan,nan,nan,nan,nan,nan,nan,nan,nan,nan,nan,nan
10499-1902,nan,nan,nan,nan,nan,nan,nan,nan,nan,nan,nan,nan
10499-3702,nan,nan,nan,nan,nan,nan,nan,nan,nan,nan,nan,nan
10499-3704,nan,nan,nan,nan,nan,nan,nan,nan,nan,nan,nan,nan
10500-12703,nan,nan,nan,nan,nan,nan,nan,nan,nan,nan,nan,nan
10500-1901,nan,nan,nan,nan,nan,nan,nan,nan,nan,nan,nan,nan
10500-3703,nan,nan,nan,nan,nan,nan,nan,nan,nan,nan,nan,nan
10501-1901,nan,nan,nan,nan,nan,nan,nan,nan,nan,nan,nan,nan
10502-1901,nan,nan,nan,nan,nan,nan,nan,nan,nan,nan,nan,nan
10503-12702,-1.4259431743861422,2.0979647211992356,904.0280814740962,11.318431413807362,-4.233238756184432,147.78618043321796,1.30129331687919,5.307005567772157,37.31960025290902,37.42762793154701,0.7140820454293856,250.28394240500302
10503-12703,nan,nan,nan,nan,nan,nan,nan,nan,nan,nan,nan,nan
10503-12704,nan,nan,nan,nan,nan,nan,nan,nan,nan,nan,nan,nan
10504-9101,nan,nan,nan,nan,nan,nan,nan,nan,nan,nan,nan,nan
10504-9102,nan,nan,nan,nan,nan,nan,nan,nan,nan,nan,nan,nan
10505-12703,nan,nan,nan,nan,nan,nan,nan,nan,nan,nan,nan,nan
10507-12704,nan,nan,nan,nan,nan,nan,nan,nan,nan,nan,nan,nan
10507-9102,nan,nan,nan,nan,nan,nan,nan,nan,nan,nan,nan,nan
10509-12703,nan,nan,nan,nan,nan,nan,nan,nan,nan,nan,nan,nan
10509-9101,nan,nan,nan,nan,nan,nan,nan,nan,nan,nan,nan,nan
10510-12703,nan,nan,nan,nan,nan,nan,nan,nan,nan,nan,nan,nan
10510-12704,nan,nan,nan,nan,nan,nan,nan,nan,nan,nan,nan,nan
10511-12705,nan,nan,nan,nan,nan,nan,nan,nan,nan,nan,nan,nan
10511-6101,nan,nan,nan,nan,nan,nan,nan,nan,nan,nan,nan,nan
10512-12702,nan,nan,nan,nan,nan,nan,nan,nan,nan,nan,nan,nan
10512-6103,nan,nan,nan,nan,nan,nan,nan,nan,nan,nan,nan,nan
10512-9102,nan,nan,nan,nan,nan,nan,nan,nan,nan,nan,nan,nan
10513-6103,nan,nan,nan,nan,nan,nan,nan,nan,nan,nan,nan,nan
10513-6104,nan,nan,nan,nan,nan,nan,nan,nan,nan,nan,nan,nan
10513-9101,nan,nan,nan,nan,nan,nan,nan,nan,nan,nan,nan,nan
10514-12705,nan,nan,nan,nan,nan,nan,nan,nan,nan,nan,nan,nan
10515-12702,nan,nan,nan,nan,nan,nan,nan,nan,nan,nan,nan,nan
10515-12705,nan,nan,nan,nan,nan,nan,nan,nan,nan,nan,nan,nan
10515-9102,nan,nan,nan,nan,nan,nan,nan,nan,nan,nan,nan,nan
10516-12701,nan,nan,nan,nan,nan,nan,nan,nan,nan,nan,nan,nan
10516-1902,nan,nan,nan,nan,nan,nan,nan,nan,nan,nan,nan,nan
10516-3702,nan,nan,nan,nan,nan,nan,nan,nan,nan,nan,nan,nan
10517-3701,nan,nan,nan,nan,nan,nan,nan,nan,nan,nan,nan,nan
10518-12705,nan,nan,nan,nan,nan,nan,nan,nan,nan,nan,nan,nan
10518-3703,nan,nan,nan,nan,nan,nan,nan,nan,nan,nan,nan,nan
10518-9101,nan,nan,nan,nan,nan,nan,nan,nan,nan,nan,nan,nan
10519-12702,nan,nan,nan,nan,nan,nan,nan,nan,nan,nan,nan,nan
10519-12704,nan,nan,nan,nan,nan,nan,nan,nan,nan,nan,nan,nan
10519-6102,nan,nan,nan,nan,nan,nan,nan,nan,nan,nan,nan,nan
10837-12704,nan,nan,nan,nan,nan,nan,nan,nan,nan,nan,nan,nan
10837-3701,nan,nan,nan,nan,nan,nan,nan,nan,nan,nan,nan,nan
10838-12701,nan,nan,nan,nan,nan,nan,nan,nan,nan,nan,nan,nan
10838-12705,nan,nan,nan,nan,nan,nan,nan,nan,nan,nan,nan,nan
10838-3702,nan,nan,nan,nan,nan,nan,nan,nan,nan,nan,nan,nan
10838-6102,nan,nan,nan,nan,nan,nan,nan,nan,nan,nan,nan,nan
10839-1902,nan,nan,nan,nan,nan,nan,nan,nan,nan,nan,nan,nan
10839-3704,nan,nan,nan,nan,nan,nan,nan,nan,nan,nan,nan,nan
10839-6101,nan,nan,nan,nan,nan,nan,nan,nan,nan,nan,nan,nan
10840-12705,nan,nan,nan,nan,nan,nan,nan,nan,nan,nan,nan,nan
10842-3703,nan,nan,nan,nan,nan,nan,nan,nan,nan,nan,nan,nan
10843-3703,nan,nan,nan,nan,nan,nan,nan,nan,nan,nan,nan,nan
10844-12705,nan,nan,nan,nan,nan,nan,nan,nan,nan,nan,nan,nan
10845-12705,nan,nan,nan,nan,nan,nan,nan,nan,nan,nan,nan,nan
10845-6101,nan,nan,nan,nan,nan,nan,nan,nan,nan,nan,nan,nan
10845-6103,nan,nan,nan,nan,nan,nan,nan,nan,nan,nan,nan,nan
10846-1901,nan,nan,nan,nan,nan,nan,nan,nan,nan,nan,nan,nan
11004-12703,nan,nan,nan,nan,nan,nan,nan,nan,nan,nan,nan,nan
11004-3701,nan,nan,nan,nan,nan,nan,nan,nan,nan,nan,nan,nan
11004-3703,nan,nan,nan,nan,nan,nan,nan,nan,nan,nan,nan,nan
11004-3704,nan,nan,nan,nan,nan,nan,nan,nan,nan,nan,nan,nan
11009-12703,nan,nan,nan,nan,nan,nan,nan,nan,nan,nan,nan,nan
11009-1902,nan,nan,nan,nan,nan,nan,nan,nan,nan,nan,nan,nan
11009-6102,nan,nan,nan,nan,nan,nan,nan,nan,nan,nan,nan,nan
11010-12703,nan,nan,nan,nan,nan,nan,nan,nan,nan,nan,nan,nan
11010-6104,nan,nan,nan,nan,nan,nan,nan,nan,nan,nan,nan,nan
11010-9101,nan,nan,nan,nan,nan,nan,nan,nan,nan,nan,nan,nan
11012-12703,nan,nan,nan,nan,nan,nan,nan,nan,nan,nan,nan,nan
11013-3704,nan,nan,nan,nan,nan,nan,nan,nan,nan,nan,nan,nan
11016-12701,nan,nan,nan,nan,nan,nan,nan,nan,nan,nan,nan,nan
11017-3704,nan,nan,nan,nan,nan,nan,nan,nan,nan,nan,nan,nan
11017-6103,nan,nan,nan,nan,nan,nan,nan,nan,nan,nan,nan,nan
11017-6104,nan,nan,nan,nan,nan,nan,nan,nan,nan,nan,nan,nan
11018-12701,nan,nan,nan,nan,nan,nan,nan,nan,nan,nan,nan,nan
11018-12702,nan,nan,nan,nan,nan,nan,nan,nan,nan,nan,nan,nan
11018-3701,nan,nan,nan,nan,nan,nan,nan,nan,nan,nan,nan,nan
11018-3703,nan,nan,nan,nan,nan,nan,nan,nan,nan,nan,nan,nan
11018-6102,nan,nan,nan,nan,nan,nan,nan,nan,nan,nan,nan,nan
11018-6104,nan,nan,nan,nan,nan,nan,nan,nan,nan,nan,nan,nan
11019-12702,nan,nan,nan,nan,nan,nan,nan,nan,nan,nan,nan,nan
11019-12705,nan,nan,nan,nan,nan,nan,nan,nan,nan,nan,nan,nan
11019-6101,nan,nan,nan,nan,nan,nan,nan,nan,nan,nan,nan,nan
11020-12701,nan,nan,nan,nan,nan,nan,nan,nan,nan,nan,nan,nan
11020-3702,nan,nan,nan,nan,nan,nan,nan,nan,nan,nan,nan,nan
11020-6102,nan,nan,nan,nan,nan,nan,nan,nan,nan,nan,nan,nan
11020-6103,nan,nan,nan,nan,nan,nan,nan,nan,nan,nan,nan,nan
11021-1902,nan,nan,nan,nan,nan,nan,nan,nan,nan,nan,nan,nan
11021-9101,nan,nan,nan,nan,nan,nan,nan,nan,nan,nan,nan,nan
11022-12702,nan,nan,nan,nan,nan,nan,nan,nan,nan,nan,nan,nan
11022-12704,-2.136756066135187,0.6036760941461211,1203.4122074334925,1.5808747311523634,-1.5190264389749968,448.8357015320395,1.1770753286628841,4.861358030336068,36.43906615571931,37.61220251788558,1.8046898764108752,71.14923304299522
11022-3702,nan,nan,nan,nan,nan,nan,nan,nan,nan,nan,nan,nan
11022-3703,nan,nan,nan,nan,nan,nan,nan,nan,nan,nan,nan,nan
11025-12701,nan,nan,nan,nan,nan,nan,nan,nan,nan,nan,nan,nan
11025-12703,nan,nan,nan,nan,nan,nan,nan,nan,nan,nan,nan,nan
11025-1902,nan,nan,nan,nan,nan,nan,nan,nan,nan,nan,nan,nan
11025-9102,nan,nan,nan,nan,nan,nan,nan,nan,nan,nan,nan,nan
11742-12704,nan,nan,nan,nan,nan,nan,nan,nan,nan,nan,nan,nan
11742-9102,nan,nan,nan,nan,nan,nan,nan,nan,nan,nan,nan,nan
11743-12701,nan,nan,nan,nan,nan,nan,nan,nan,nan,nan,nan,nan
11743-12703,nan,nan,nan,nan,nan,nan,nan,nan,nan,nan,nan,nan
11743-12704,nan,nan,nan,nan,nan,nan,nan,nan,nan,nan,nan,nan
11743-12705,nan,nan,nan,nan,nan,nan,nan,nan,nan,nan,nan,nan
11743-3701,nan,nan,nan,nan,nan,nan,nan,nan,nan,nan,nan,nan
11743-6102,nan,nan,nan,nan,nan,nan,nan,nan,nan,nan,nan,nan
11743-6103,nan,nan,nan,nan,nan,nan,nan,nan,nan,nan,nan,nan
11743-6104,nan,nan,nan,nan,nan,nan,nan,nan,nan,nan,nan,nan
11743-9101,nan,nan,nan,nan,nan,nan,nan,nan,nan,nan,nan,nan
11744-12701,nan,nan,nan,nan,nan,nan,nan,nan,nan,nan,nan,nan
11744-1901,nan,nan,nan,nan,nan,nan,nan,nan,nan,nan,nan,nan
11744-6103,nan,nan,nan,nan,nan,nan,nan,nan,nan,nan,nan,nan
11745-12702,nan,nan,nan,nan,nan,nan,nan,nan,nan,nan,nan,nan
11745-1902,nan,nan,nan,nan,nan,nan,nan,nan,nan,nan,nan,nan
11745-3701,nan,nan,nan,nan,nan,nan,nan,nan,nan,nan,nan,nan
11745-6104,nan,nan,nan,nan,nan,nan,nan,nan,nan,nan,nan,nan
11745-9101,nan,nan,nan,nan,nan,nan,nan,nan,nan,nan,nan,nan
11746-12704,nan,nan,nan,nan,nan,nan,nan,nan,nan,nan,nan,nan
11746-3701,nan,nan,nan,nan,nan,nan,nan,nan,nan,nan,nan,nan
11746-9102,-0.082814128987692,1.4125448937292946,394.39857320658695,18.397797548507985,-2.2841585075293827,351.03400407045166,1.01438633129327,1.0048076816641378,32.483157985354424,31.594084573743487,6.450098307079871,122.97970075704947
11747-3701,nan,nan,nan,nan,nan,nan,nan,nan,nan,nan,nan,nan
11747-9102,nan,nan,nan,nan,nan,nan,nan,nan,nan,nan,nan,nan
11748-12703,nan,nan,nan,nan,nan,nan,nan,nan,nan,nan,nan,nan
11748-12705,nan,nan,nan,nan,nan,nan,nan,nan,nan,nan,nan,nan
11749-12704,nan,nan,nan,nan,nan,nan,nan,nan,nan,nan,nan,nan
11750-3702,nan,nan,nan,nan,nan,nan,nan,nan,nan,nan,nan,nan
11750-9102,nan,nan,nan,nan,nan,nan,nan,nan,nan,nan,nan,nan
11751-12702,nan,nan,nan,nan,nan,nan,nan,nan,nan,nan,nan,nan
11751-12705,nan,nan,nan,nan,nan,nan,nan,nan,nan,nan,nan,nan
11751-1901,nan,nan,nan,nan,nan,nan,nan,nan,nan,nan,nan,nan
11751-3701,nan,nan,nan,nan,nan,nan,nan,nan,nan,nan,nan,nan
11751-6101,nan,nan,nan,nan,nan,nan,nan,nan,nan,nan,nan,nan
11751-6102,nan,nan,nan,nan,nan,nan,nan,nan,nan,nan,nan,nan
11751-6103,nan,nan,nan,nan,nan,nan,nan,nan,nan,nan,nan,nan
11752-12701,nan,nan,nan,nan,nan,nan,nan,nan,nan,nan,nan,nan
11752-12704,nan,nan,nan,nan,nan,nan,nan,nan,nan,nan,nan,nan
11752-12705,nan,nan,nan,nan,nan,nan,nan,nan,nan,nan,nan,nan
11752-6104,nan,nan,nan,nan,nan,nan,nan,nan,nan,nan,nan,nan
11753-12704,nan,nan,nan,nan,nan,nan,nan,nan,nan,nan,nan,nan
11753-3703,nan,nan,nan,nan,nan,nan,nan,nan,nan,nan,nan,nan
11753-6103,nan,nan,nan,nan,nan,nan,nan,nan,nan,nan,nan,nan
11753-6104,nan,nan,nan,nan,nan,nan,nan,nan,nan,nan,nan,nan
11754-12702,nan,nan,nan,nan,nan,nan,nan,nan,nan,nan,nan,nan
11754-1902,-2.6473501035433196,2.449802203560727,545.4755651968238,9.628794678180803,-4.449927785013117,224.83082455322815,0.533966126225811,0.6396903314432455,17.07201148525358,17.99296502575474,4.996189613464963,6.0684586367477875
11754-3704,nan,nan,nan,nan,nan,nan,nan,nan,nan,nan,nan,nan
11754-6102,nan,nan,nan,nan,nan,nan,nan,nan,nan,nan,nan,nan
11755-12705,nan,nan,nan,nan,nan,nan,nan,nan,nan,nan,nan,nan
11757-3702,nan,nan,nan,nan,nan,nan,nan,nan,nan,nan,nan,nan
11757-6104,nan,nan,nan,nan,nan,nan,nan,nan,nan,nan,nan,nan
11758-3702,nan,nan,nan,nan,nan,nan,nan,nan,nan,nan,nan,nan
11758-3704,nan,nan,nan,nan,nan,nan,nan,nan,nan,nan,nan,nan
11758-9101,nan,nan,nan,nan,nan,nan,nan,nan,nan,nan,nan,nan
11759-12702,nan,nan,nan,nan,nan,nan,nan,nan,nan,nan,nan,nan
11759-12703,nan,nan,nan,nan,nan,nan,nan,nan,nan,nan,nan,nan
11759-12705,nan,nan,nan,nan,nan,nan,nan,nan,nan,nan,nan,nan
11759-6101,nan,nan,nan,nan,nan,nan,nan,nan,nan,nan,nan,nan
11759-6102,nan,nan,nan,nan,nan,nan,nan,nan,nan,nan,nan,nan
11759-9102,nan,nan,nan,nan,nan,nan,nan,nan,nan,nan,nan,nan
11760-12702,nan,nan,nan,nan,nan,nan,nan,nan,nan,nan,nan,nan
11760-12704,nan,nan,nan,nan,nan,nan,nan,nan,nan,nan,nan,nan
11760-3702,nan,nan,nan,nan,nan,nan,nan,nan,nan,nan,nan,nan
11760-3703,nan,nan,nan,nan,nan,nan,nan,nan,nan,nan,nan,nan
11760-6103,nan,nan,nan,nan,nan,nan,nan,nan,nan,nan,nan,nan
11761-12704,nan,nan,nan,nan,nan,nan,nan,nan,nan,nan,nan,nan
11761-1902,nan,nan,nan,nan,nan,nan,nan,nan,nan,nan,nan,nan
11761-3703,nan,nan,nan,nan,nan,nan,nan,nan,nan,nan,nan,nan
11761-6103,nan,nan,nan,nan,nan,nan,nan,nan,nan,nan,nan,nan
11823-12702,nan,nan,nan,nan,nan,nan,nan,nan,nan,nan,nan,nan
11823-9101,nan,nan,nan,nan,nan,nan,nan,nan,nan,nan,nan,nan
11824-12705,nan,nan,nan,nan,nan,nan,nan,nan,nan,nan,nan,nan
11824-1902,nan,nan,nan,nan,nan,nan,nan,nan,nan,nan,nan,nan
11824-9101,nan,nan,nan,nan,nan,nan,nan,nan,nan,nan,nan,nan
11826-12703,nan,nan,nan,nan,nan,nan,nan,nan,nan,nan,nan,nan
11826-1902,nan,nan,nan,nan,nan,nan,nan,nan,nan,nan,nan,nan
11826-3702,nan,nan,nan,nan,nan,nan,nan,nan,nan,nan,nan,nan
11827-12705,nan,nan,nan,nan,nan,nan,nan,nan,nan,nan,nan,nan
11827-1902,nan,nan,nan,nan,nan,nan,nan,nan,nan,nan,nan,nan
11828-9101,nan,nan,nan,nan,nan,nan,nan,nan,nan,nan,nan,nan
11828-9102,nan,nan,nan,nan,nan,nan,nan,nan,nan,nan,nan,nan
11830-12704,nan,nan,nan,nan,nan,nan,nan,nan,nan,nan,nan,nan
11831-9102,nan,nan,nan,nan,nan,nan,nan,nan,nan,nan,nan,nan
11832-3701,nan,nan,nan,nan,nan,nan,nan,nan,nan,nan,nan,nan
11832-3704,nan,nan,nan,nan,nan,nan,nan,nan,nan,nan,nan,nan
11832-6102,nan,nan,nan,nan,nan,nan,nan,nan,nan,nan,nan,nan
11833-12702,nan,nan,nan,nan,nan,nan,nan,nan,nan,nan,nan,nan
11833-3702,nan,nan,nan,nan,nan,nan,nan,nan,nan,nan,nan,nan
11833-3704,nan,nan,nan,nan,nan,nan,nan,nan,nan,nan,nan,nan
11833-9102,nan,nan,nan,nan,nan,nan,nan,nan,nan,nan,nan,nan
11834-12702,nan,nan,nan,nan,nan,nan,nan,nan,nan,nan,nan,nan
11834-6102,nan,nan,nan,nan,nan,nan,nan,nan,nan,nan,nan,nan
11834-9102,nan,nan,nan,nan,nan,nan,nan,nan,nan,nan,nan,nan
11835-12705,nan,nan,nan,nan,nan,nan,nan,nan,nan,nan,nan,nan
11836-12702,nan,nan,nan,nan,nan,nan,nan,nan,nan,nan,nan,nan
11836-1902,nan,nan,nan,nan,nan,nan,nan,nan,nan,nan,nan,nan
11838-12702,nan,nan,nan,nan,nan,nan,nan,nan,nan,nan,nan,nan
11838-3702,nan,nan,nan,nan,nan,nan,nan,nan,nan,nan,nan,nan
11838-6103,-5.2412253611960855,2.044202408354338,2811.3355974194465,2.587622821534183,-6.403107420501475,140.7757962046245,0.3685631875063039,6.262463790129561,26.45197966481017,27.629549382095515,0.8396873905439344,231.91751405653758
11863-12703,nan,nan,nan,nan,nan,nan,nan,nan,nan,nan,nan,nan
11863-12705,0.3320918144881392,2.1775030405409304,1023.2208384106573,7.181418751971063,-2.908404972787933,212.78302660991665,0.5215035882149298,2.6553370037462303,32.35464032907371,31.595444852205684,0.09581978279180475,17334.842572527457
11863-9102,nan,nan,nan,nan,nan,nan,nan,nan,nan,nan,nan,nan
11865-12701,nan,nan,nan,nan,nan,nan,nan,nan,nan,nan,nan,nan
11865-12702,nan,nan,nan,nan,nan,nan,nan,nan,nan,nan,nan,nan
11865-12705,nan,nan,nan,nan,nan,nan,nan,nan,nan,nan,nan,nan
11865-1901,nan,nan,nan,nan,nan,nan,nan,nan,nan,nan,nan,nan
11865-9102,nan,nan,nan,nan,nan,nan,nan,nan,nan,nan,nan,nan
11866-12701,nan,nan,nan,nan,nan,nan,nan,nan,nan,nan,nan,nan
11866-12705,nan,nan,nan,nan,nan,nan,nan,nan,nan,nan,nan,nan
11866-1902,nan,nan,nan,nan,nan,nan,nan,nan,nan,nan,nan,nan
11866-6101,nan,nan,nan,nan,nan,nan,nan,nan,nan,nan,nan,nan
11866-6102,nan,nan,nan,nan,nan,nan,nan,nan,nan,nan,nan,nan
11867-1902,nan,nan,nan,nan,nan,nan,nan,nan,nan,nan,nan,nan
11868-12704,nan,nan,nan,nan,nan,nan,nan,nan,nan,nan,nan,nan
11872-12704,nan,nan,nan,nan,nan,nan,nan,nan,nan,nan,nan,nan
11872-6101,nan,nan,nan,nan,nan,nan,nan,nan,nan,nan,nan,nan
11939-12702,nan,nan,nan,nan,nan,nan,nan,nan,nan,nan,nan,nan
11939-3703,nan,nan,nan,nan,nan,nan,nan,nan,nan,nan,nan,nan
11939-9101,nan,nan,nan,nan,nan,nan,nan,nan,nan,nan,nan,nan
11940-1902,nan,nan,nan,nan,nan,nan,nan,nan,nan,nan,nan,nan
11940-3703,nan,nan,nan,nan,nan,nan,nan,nan,nan,nan,nan,nan
11940-9102,nan,nan,nan,nan,nan,nan,nan,nan,nan,nan,nan,nan
11941-12704,nan,nan,nan,nan,nan,nan,nan,nan,nan,nan,nan,nan
11941-9101,nan,nan,nan,nan,nan,nan,nan,nan,nan,nan,nan,nan
11942-12701,nan,nan,nan,nan,nan,nan,nan,nan,nan,nan,nan,nan
11942-12704,nan,nan,nan,nan,nan,nan,nan,nan,nan,nan,nan,nan
11942-6102,nan,nan,nan,nan,nan,nan,nan,nan,nan,nan,nan,nan
11942-6104,nan,nan,nan,nan,nan,nan,nan,nan,nan,nan,nan,nan
11943-3702,nan,nan,nan,nan,nan,nan,nan,nan,nan,nan,nan,nan
11943-3704,-0.8952120155765976,1.3590544970252572,0.30982875569210766,2.130857005916159,-2.0482260258966725,3.079961658636652,1.0388145026245714,2.199437621107432,22.286822890100254,17.87832990876935,4.113277485992175,126.85848034008959
11944-12703,nan,nan,nan,nan,nan,nan,nan,nan,nan,nan,nan,nan
11944-9101,nan,nan,nan,nan,nan,nan,nan,nan,nan,nan,nan,nan
11945-1902,nan,nan,nan,nan,nan,nan,nan,nan,nan,nan,nan,nan
11945-3704,-0.2144514559240829,2.572580081751073,1819.0105551978975,16.822395812731774,-4.0705221059363,261.42438009486847,0.25878466844636516,4.264869240763101,22.455748465090235,20.66971530063226,-34.3229261701817,310.39596845681854
11945-6103,nan,nan,nan,nan,nan,nan,nan,nan,nan,nan,nan,nan
11945-9102,nan,nan,nan,nan,nan,nan,nan,nan,nan,nan,nan,nan
11946-12704,nan,nan,nan,nan,nan,nan,nan,nan,nan,nan,nan,nan
11946-3701,nan,nan,nan,nan,nan,nan,nan,nan,nan,nan,nan,nan
11946-3703,nan,nan,nan,nan,nan,nan,nan,nan,nan,nan,nan,nan
11947-12701,nan,nan,nan,nan,nan,nan,nan,nan,nan,nan,nan,nan
11947-12703,nan,nan,nan,nan,nan,nan,nan,nan,nan,nan,nan,nan
11947-9102,nan,nan,nan,nan,nan,nan,nan,nan,nan,nan,nan,nan
11948-3704,nan,nan,nan,nan,nan,nan,nan,nan,nan,nan,nan,nan
11948-9101,nan,nan,nan,nan,nan,nan,nan,nan,nan,nan,nan,nan
11949-12701,nan,nan,nan,nan,nan,nan,nan,nan,nan,nan,nan,nan
11949-12702,nan,nan,nan,nan,nan,nan,nan,nan,nan,nan,nan,nan
11949-3702,nan,nan,nan,nan,nan,nan,nan,nan,nan,nan,nan,nan
11949-9101,0.7661759302530438,1.352538361818344,322.43123163553554,17.38094372378025,-4.461840630455381,260.5674792507472,0.27658337219380785,3.789002033896271,32.836620005285894,32.536028577347324,4.969783247352721,340.1348023652296
11949-9102,nan,nan,nan,nan,nan,nan,nan,nan,nan,nan,nan,nan
11950-9101,nan,nan,nan,nan,nan,nan,nan,nan,nan,nan,nan,nan
11951-1902,nan,nan,nan,nan,nan,nan,nan,nan,nan,nan,nan,nan
11951-3703,nan,nan,nan,nan,nan,nan,nan,nan,nan,nan,nan,nan
11952-12702,nan,nan,nan,nan,nan,nan,nan,nan,nan,nan,nan,nan
11952-12704,nan,nan,nan,nan,nan,nan,nan,nan,nan,nan,nan,nan
11952-1901,0.4007411429264819,0.302574222390767,1302.495505287882,2.979107411592847,-5.170953824952766,153.1119434166145,1.0438294053836623,0.017503417728059883,13.501444871624392,18.291403047726238,34.82470869907782,579.2021809271561
11952-3701,nan,nan,nan,nan,nan,nan,nan,nan,nan,nan,nan,nan
11952-3702,0.818251368277906,0.44603338796444014,1524.152700938936,21.593970414717358,-2.276068354503753,352.45612834076593,0.14619475036445453,3.98498360866998,21.780791795636574,16.846455019556075,16.398408123073526,842.5037851810632
11953-12702,nan,nan,nan,nan,nan,nan,nan,nan,nan,nan,nan,nan
11953-9101,nan,nan,nan,nan,nan,nan,nan,nan,nan,nan,nan,nan
11954-12704,nan,nan,nan,nan,nan,nan,nan,nan,nan,nan,nan,nan
11954-3704,nan,nan,nan,nan,nan,nan,nan,nan,nan,nan,nan,nan
11954-6104,nan,nan,nan,nan,nan,nan,nan,nan,nan,nan,nan,nan
11955-12702,nan,nan,nan,nan,nan,nan,nan,nan,nan,nan,nan,nan
11955-12703,nan,nan,nan,nan,nan,nan,nan,nan,nan,nan,nan,nan
11955-12704,nan,nan,nan,nan,nan,nan,nan,nan,nan,nan,nan,nan
11955-3703,nan,nan,nan,nan,nan,nan,nan,nan,nan,nan,nan,nan
11955-6101,-0.48350174525965023,2.868903136991522,7.0533130139335745,16.663202063437797,-1.5732100340426431,477.4267594209738,1.346105972456008,2.8925719960331366,19.896703713392867,24.975591546785935,1.6551164495943382,281.165936850701
11955-6104,nan,nan,nan,nan,nan,nan,nan,nan,nan,nan,nan,nan
11957-12702,nan,nan,nan,nan,nan,nan,nan,nan,nan,nan,nan,nan
11957-3704,nan,nan,nan,nan,nan,nan,nan,nan,nan,nan,nan,nan
11957-9101,nan,nan,nan,nan,nan,nan,nan,nan,nan,nan,nan,nan
11957-9102,nan,nan,nan,nan,nan,nan,nan,nan,nan,nan,nan,nan
11958-3701,nan,nan,nan,nan,nan,nan,nan,nan,nan,nan,nan,nan
11958-6104,nan,nan,nan,nan,nan,nan,nan,nan,nan,nan,nan,nan
11960-12701,nan,nan,nan,nan,nan,nan,nan,nan,nan,nan,nan,nan
11960-12705,nan,nan,nan,nan,nan,nan,nan,nan,nan,nan,nan,nan
11962-6102,nan,nan,nan,nan,nan,nan,nan,nan,nan,nan,nan,nan
11963-9102,0.6806983759675336,0.5639798055550169,2977.509819192538,0.8472547590726143,-0.8036088077756026,72.06753005687925,0.492568520275502,1.2174452922326748,31.66007546507619,31.49036087686975,-8.785478314646317,154.93769338748427
11965-3703,nan,nan,nan,nan,nan,nan,nan,nan,nan,nan,nan,nan
11965-9102,nan,nan,nan,nan,nan,nan,nan,nan,nan,nan,nan,nan
11967-6102,nan,nan,nan,nan,nan,nan,nan,nan,nan,nan,nan,nan
11968-6103,nan,nan,nan,nan,nan,nan,nan,nan,nan,nan,nan,nan
11968-9102,nan,nan,nan,nan,nan,nan,nan,nan,nan,nan,nan,nan
11969-12701,nan,nan,nan,nan,nan,nan,nan,nan,nan,nan,nan,nan
11969-12702,nan,nan,nan,nan,nan,nan,nan,nan,nan,nan,nan,nan
11975-1902,nan,nan,nan,nan,nan,nan,nan,nan,nan,nan,nan,nan
11975-6103,nan,nan,nan,nan,nan,nan,nan,nan,nan,nan,nan,nan
11976-12701,nan,nan,nan,nan,nan,nan,nan,nan,nan,nan,nan,nan
11976-3704,nan,nan,nan,nan,nan,nan,nan,nan,nan,nan,nan,nan
11977-12704,nan,nan,nan,nan,nan,nan,nan,nan,nan,nan,nan,nan
11977-1902,nan,nan,nan,nan,nan,nan,nan,nan,nan,nan,nan,nan
11977-9102,nan,nan,nan,nan,nan,nan,nan,nan,nan,nan,nan,nan
11978-12701,nan,nan,nan,nan,nan,nan,nan,nan,nan,nan,nan,nan
11978-12703,nan,nan,nan,nan,nan,nan,nan,nan,nan,nan,nan,nan
11978-12705,nan,nan,nan,nan,nan,nan,nan,nan,nan,nan,nan,nan
11979-9102,nan,nan,nan,nan,nan,nan,nan,nan,nan,nan,nan,nan
11981-12704,nan,nan,nan,nan,nan,nan,nan,nan,nan,nan,nan,nan
11981-3701,nan,nan,nan,nan,nan,nan,nan,nan,nan,nan,nan,nan
11981-6101,nan,nan,nan,nan,nan,nan,nan,nan,nan,nan,nan,nan
11981-6104,nan,nan,nan,nan,nan,nan,nan,nan,nan,nan,nan,nan
11981-9102,nan,nan,nan,nan,nan,nan,nan,nan,nan,nan,nan,nan
11982-12704,nan,nan,nan,nan,nan,nan,nan,nan,nan,nan,nan,nan
11982-9102,nan,nan,nan,nan,nan,nan,nan,nan,nan,nan,nan,nan
11983-3701,nan,nan,nan,nan,nan,nan,nan,nan,nan,nan,nan,nan
11983-3702,nan,nan,nan,nan,nan,nan,nan,nan,nan,nan,nan,nan
11984-12704,nan,nan,nan,nan,nan,nan,nan,nan,nan,nan,nan,nan
11984-12705,nan,nan,nan,nan,nan,nan,nan,nan,nan,nan,nan,nan
11984-6102,nan,nan,nan,nan,nan,nan,nan,nan,nan,nan,nan,nan
11984-9101,nan,nan,nan,nan,nan,nan,nan,nan,nan,nan,nan,nan
12066-12703,nan,nan,nan,nan,nan,nan,nan,nan,nan,nan,nan,nan
12066-12704,nan,nan,nan,nan,nan,nan,nan,nan,nan,nan,nan,nan
12066-12705,nan,nan,nan,nan,nan,nan,nan,nan,nan,nan,nan,nan
12066-6103,nan,nan,nan,nan,nan,nan,nan,nan,nan,nan,nan,nan
12067-6101,nan,nan,nan,nan,nan,nan,nan,nan,nan,nan,nan,nan
12068-3703,-0.425486191684114,0.7728860898244867,675.9608463425474,2.025813410676185,-4.494547475979229,239.33965049582926,0.4470910209850359,4.199740633646407,21.39321428513915,22.399775612737233,-15.924341637764272,31.405149912697773
12068-6104,nan,nan,nan,nan,nan,nan,nan,nan,nan,nan,nan,nan
12069-12701,nan,nan,nan,nan,nan,nan,nan,nan,nan,nan,nan,nan
12069-12704,nan,nan,nan,nan,nan,nan,nan,nan,nan,nan,nan,nan
12069-1902,nan,nan,nan,nan,nan,nan,nan,nan,nan,nan,nan,nan
12070-3704,nan,nan,nan,nan,nan,nan,nan,nan,nan,nan,nan,nan
12070-9102,0.2245874054579261,0.8415874470076727,193.34028514970197,14.70338755955037,-1.3958579003805882,345.2427607381886,1.259980363539933,0.5588250560219484,31.833086477138085,28.359536238045997,3.397573872440694,14.61878160891867
12071-12702,nan,nan,nan,nan,nan,nan,nan,nan,nan,nan,nan,nan
12071-9101,nan,nan,nan,nan,nan,nan,nan,nan,nan,nan,nan,nan
12071-9102,nan,nan,nan,nan,nan,nan,nan,nan,nan,nan,nan,nan
12073-12703,nan,nan,nan,nan,nan,nan,nan,nan,nan,nan,nan,nan
12074-12703,nan,nan,nan,nan,nan,nan,nan,nan,nan,nan,nan,nan
12075-12704,nan,nan,nan,nan,nan,nan,nan,nan,nan,nan,nan,nan
12075-12705,nan,nan,nan,nan,nan,nan,nan,nan,nan,nan,nan,nan
12075-6102,nan,nan,nan,nan,nan,nan,nan,nan,nan,nan,nan,nan
12075-6104,nan,nan,nan,nan,nan,nan,nan,nan,nan,nan,nan,nan
12078-6104,nan,nan,nan,nan,nan,nan,nan,nan,nan,nan,nan,nan
12079-6102,nan,nan,nan,nan,nan,nan,nan,nan,nan,nan,nan,nan
12081-12705,nan,nan,nan,nan,nan,nan,nan,nan,nan,nan,nan,nan
12081-6102,nan,nan,nan,nan,nan,nan,nan,nan,nan,nan,nan,nan
12081-9101,nan,nan,nan,nan,nan,nan,nan,nan,nan,nan,nan,nan
12082-3703,nan,nan,nan,nan,nan,nan,nan,nan,nan,nan,nan,nan
12083-12703,nan,nan,nan,nan,nan,nan,nan,nan,nan,nan,nan,nan
12083-3704,nan,nan,nan,nan,nan,nan,nan,nan,nan,nan,nan,nan
12084-12704,nan,nan,nan,nan,nan,nan,nan,nan,nan,nan,nan,nan
12084-3703,nan,nan,nan,nan,nan,nan,nan,nan,nan,nan,nan,nan
12084-6104,nan,nan,nan,nan,nan,nan,nan,nan,nan,nan,nan,nan
12085-12704,nan,nan,nan,nan,nan,nan,nan,nan,nan,nan,nan,nan
12085-6101,nan,nan,nan,nan,nan,nan,nan,nan,nan,nan,nan,nan
12085-6103,nan,nan,nan,nan,nan,nan,nan,nan,nan,nan,nan,nan
12085-9102,nan,nan,nan,nan,nan,nan,nan,nan,nan,nan,nan,nan
12088-9102,nan,nan,nan,nan,nan,nan,nan,nan,nan,nan,nan,nan
12089-1902,nan,nan,nan,nan,nan,nan,nan,nan,nan,nan,nan,nan
12089-3703,nan,nan,nan,nan,nan,nan,nan,nan,nan,nan,nan,nan
12090-3702,nan,nan,nan,nan,nan,nan,nan,nan,nan,nan,nan,nan
12092-12704,nan,nan,nan,nan,nan,nan,nan,nan,nan,nan,nan,nan
12092-3701,nan,nan,nan,nan,nan,nan,nan,nan,nan,nan,nan,nan
12093-9101,nan,nan,nan,nan,nan,nan,nan,nan,nan,nan,nan,nan
12094-6101,nan,nan,nan,nan,nan,nan,nan,nan,nan,nan,nan,nan
12483-12703,nan,nan,nan,nan,nan,nan,nan,nan,nan,nan,nan,nan
12483-6103,nan,nan,nan,nan,nan,nan,nan,nan,nan,nan,nan,nan
12483-9101,nan,nan,nan,nan,nan,nan,nan,nan,nan,nan,nan,nan
12484-12705,nan,nan,nan,nan,nan,nan,nan,nan,nan,nan,nan,nan
12484-3704,nan,nan,nan,nan,nan,nan,nan,nan,nan,nan,nan,nan
12484-6103,nan,nan,nan,nan,nan,nan,nan,nan,nan,nan,nan,nan
12485-12702,nan,nan,nan,nan,nan,nan,nan,nan,nan,nan,nan,nan
12487-12704,nan,nan,nan,nan,nan,nan,nan,nan,nan,nan,nan,nan
12487-6101,0.9805404331686864,0.6672931573627517,24.97127302435588,5.688808288719205,-5.405834760750115,242.57669727292148,0.29607754262655966,0.0003889778331324857,26.09182774917646,28.158570456115363,13.592902199043234,18.004384428869574
12487-6103,nan,nan,nan,nan,nan,nan,nan,nan,nan,nan,nan,nan
12488-12705,nan,nan,nan,nan,nan,nan,nan,nan,nan,nan,nan,nan
12488-3702,nan,nan,nan,nan,nan,nan,nan,nan,nan,nan,nan,nan
12488-6102,nan,nan,nan,nan,nan,nan,nan,nan,nan,nan,nan,nan
12488-9101,nan,nan,nan,nan,nan,nan,nan,nan,nan,nan,nan,nan
12489-12702,nan,nan,nan,nan,nan,nan,nan,nan,nan,nan,nan,nan
12490-6101,nan,nan,nan,nan,nan,nan,nan,nan,nan,nan,nan,nan
12491-12702,nan,nan,nan,nan,nan,nan,nan,nan,nan,nan,nan,nan
12491-9101,nan,nan,nan,nan,nan,nan,nan,nan,nan,nan,nan,nan
12495-6103,nan,nan,nan,nan,nan,nan,nan,nan,nan,nan,nan,nan
12506-12701,nan,nan,nan,nan,nan,nan,nan,nan,nan,nan,nan,nan
12510-12701,nan,nan,nan,nan,nan,nan,nan,nan,nan,nan,nan,nan
12510-12703,nan,nan,nan,nan,nan,nan,nan,nan,nan,nan,nan,nan
12510-12705,nan,nan,nan,nan,nan,nan,nan,nan,nan,nan,nan,nan
12510-3702,nan,nan,nan,nan,nan,nan,nan,nan,nan,nan,nan,nan
12510-6104,nan,nan,nan,nan,nan,nan,nan,nan,nan,nan,nan,nan
12511-12701,nan,nan,nan,nan,nan,nan,nan,nan,nan,nan,nan,nan
12511-12705,nan,nan,nan,nan,nan,nan,nan,nan,nan,nan,nan,nan
12511-6104,nan,nan,nan,nan,nan,nan,nan,nan,nan,nan,nan,nan
12512-12701,nan,nan,nan,nan,nan,nan,nan,nan,nan,nan,nan,nan
12512-6101,nan,nan,nan,nan,nan,nan,nan,nan,nan,nan,nan,nan
12514-12702,nan,nan,nan,nan,nan,nan,nan,nan,nan,nan,nan,nan
12514-12705,nan,nan,nan,nan,nan,nan,nan,nan,nan,nan,nan,nan
12514-9101,nan,nan,nan,nan,nan,nan,nan,nan,nan,nan,nan,nan
12514-9102,nan,nan,nan,nan,nan,nan,nan,nan,nan,nan,nan,nan
12518-12703,nan,nan,nan,nan,nan,nan,nan,nan,nan,nan,nan,nan
12518-3704,nan,nan,nan,nan,nan,nan,nan,nan,nan,nan,nan,nan
12620-3704,nan,nan,nan,nan,nan,nan,nan,nan,nan,nan,nan,nan
12621-6101,nan,nan,nan,nan,nan,nan,nan,nan,nan,nan,nan,nan
12622-1902,nan,nan,nan,nan,nan,nan,nan,nan,nan,nan,nan,nan
12622-9101,nan,nan,nan,nan,nan,nan,nan,nan,nan,nan,nan,nan
12622-9102,nan,nan,nan,nan,nan,nan,nan,nan,nan,nan,nan,nan
12624-1901,nan,nan,nan,nan,nan,nan,nan,nan,nan,nan,nan,nan
12651-12701,nan,nan,nan,nan,nan,nan,nan,nan,nan,nan,nan,nan
12651-12705,nan,nan,nan,nan,nan,nan,nan,nan,nan,nan,nan,nan
12651-1901,nan,nan,nan,nan,nan,nan,nan,nan,nan,nan,nan,nan
12652-1902,nan,nan,nan,nan,nan,nan,nan,nan,nan,nan,nan,nan
12667-3701,-0.8219313043622756,0.8614362302132527,1657.1842495487374,1.4145430476090486,-0.7073267552288458,33.8530697110351,0.7491640925173715,4.155845723378769,21.79587766929489,21.225314146050977,-40.2067798308164,210.1010625514204
12667-6101,nan,nan,nan,nan,nan,nan,nan,nan,nan,nan,nan,nan
12673-6101,-4.374625406357005,0.7694336465115327,2206.406168068145,7.757921761269128,-3.2489138202183283,286.37825727703654,0.8513790336583857,5.994991084280795,27.946117710409855,28.113523594117662,-1.1480127321910725,117.37931453774692
12673-9102,nan,nan,nan,nan,nan,nan,nan,nan,nan,nan,nan,nan
12674-12703,nan,nan,nan,nan,nan,nan,nan,nan,nan,nan,nan,nan
12674-9101,nan,nan,nan,nan,nan,nan,nan,nan,nan,nan,nan,nan
12678-12701,nan,nan,nan,nan,nan,nan,nan,nan,nan,nan,nan,nan
12678-6101,nan,nan,nan,nan,nan,nan,nan,nan,nan,nan,nan,nan
12678-6102,nan,nan,nan,nan,nan,nan,nan,nan,nan,nan,nan,nan
12679-1902,nan,nan,nan,nan,nan,nan,nan,nan,nan,nan,nan,nan
12679-3704,nan,nan,nan,nan,nan,nan,nan,nan,nan,nan,nan,nan
12683-12704,nan,nan,nan,nan,nan,nan,nan,nan,nan,nan,nan,nan
12683-1901,nan,nan,nan,nan,nan,nan,nan,nan,nan,nan,nan,nan
12683-6101,nan,nan,nan,nan,nan,nan,nan,nan,nan,nan,nan,nan
12683-6102,nan,nan,nan,nan,nan,nan,nan,nan,nan,nan,nan,nan
12684-12701,nan,nan,nan,nan,nan,nan,nan,nan,nan,nan,nan,nan
12685-12702,nan,nan,nan,nan,nan,nan,nan,nan,nan,nan,nan,nan
12696-12702,nan,nan,nan,nan,nan,nan,nan,nan,nan,nan,nan,nan
12696-9101,nan,nan,nan,nan,nan,nan,nan,nan,nan,nan,nan,nan
12700-12701,nan,nan,nan,nan,nan,nan,nan,nan,nan,nan,nan,nan
12700-12703,nan,nan,nan,nan,nan,nan,nan,nan,nan,nan,nan,nan
12700-12704,nan,nan,nan,nan,nan,nan,nan,nan,nan,nan,nan,nan
12700-12705,nan,nan,nan,nan,nan,nan,nan,nan,nan,nan,nan,nan
12700-6101,nan,nan,nan,nan,nan,nan,nan,nan,nan,nan,nan,nan
12700-6104,nan,nan,nan,nan,nan,nan,nan,nan,nan,nan,nan,nan
12700-9102,nan,nan,nan,nan,nan,nan,nan,nan,nan,nan,nan,nan
12769-12704,nan,nan,nan,nan,nan,nan,nan,nan,nan,nan,nan,nan
12772-12701,nan,nan,nan,nan,nan,nan,nan,nan,nan,nan,nan,nan
12772-12703,nan,nan,nan,nan,nan,nan,nan,nan,nan,nan,nan,nan
12772-12705,nan,nan,nan,nan,nan,nan,nan,nan,nan,nan,nan,nan
7443-12705,nan,nan,nan,nan,nan,nan,nan,nan,nan,nan,nan,nan
7495-12701,nan,nan,nan,nan,nan,nan,nan,nan,nan,nan,nan,nan
7495-12702,nan,nan,nan,nan,nan,nan,nan,nan,nan,nan,nan,nan
7495-12703,nan,nan,nan,nan,nan,nan,nan,nan,nan,nan,nan,nan
7495-12704,nan,nan,nan,nan,nan,nan,nan,nan,nan,nan,nan,nan
7495-1902,nan,nan,nan,nan,nan,nan,nan,nan,nan,nan,nan,nan
7815-12704,nan,nan,nan,nan,nan,nan,nan,nan,nan,nan,nan,nan
7815-12705,nan,nan,nan,nan,nan,nan,nan,nan,nan,nan,nan,nan
7815-6104,nan,nan,nan,nan,nan,nan,nan,nan,nan,nan,nan,nan
7815-9101,nan,nan,nan,nan,nan,nan,nan,nan,nan,nan,nan,nan
7957-12702,nan,nan,nan,nan,nan,nan,nan,nan,nan,nan,nan,nan
7957-3703,nan,nan,nan,nan,nan,nan,nan,nan,nan,nan,nan,nan
7957-6104,nan,nan,nan,nan,nan,nan,nan,nan,nan,nan,nan,nan
7957-9102,nan,nan,nan,nan,nan,nan,nan,nan,nan,nan,nan,nan
7958-12704,nan,nan,nan,nan,nan,nan,nan,nan,nan,nan,nan,nan
7958-3702,nan,nan,nan,nan,nan,nan,nan,nan,nan,nan,nan,nan
7959-12701,nan,nan,nan,nan,nan,nan,nan,nan,nan,nan,nan,nan
7959-12703,nan,nan,nan,nan,nan,nan,nan,nan,nan,nan,nan,nan
7959-12705,nan,nan,nan,nan,nan,nan,nan,nan,nan,nan,nan,nan
7959-6102,nan,nan,nan,nan,nan,nan,nan,nan,nan,nan,nan,nan
7960-12704,nan,nan,nan,nan,nan,nan,nan,nan,nan,nan,nan,nan
7960-3703,nan,nan,nan,nan,nan,nan,nan,nan,nan,nan,nan,nan
7961-9102,nan,nan,nan,nan,nan,nan,nan,nan,nan,nan,nan,nan
7962-12705,nan,nan,nan,nan,nan,nan,nan,nan,nan,nan,nan,nan
7962-6102,nan,nan,nan,nan,nan,nan,nan,nan,nan,nan,nan,nan
7962-6104,nan,nan,nan,nan,nan,nan,nan,nan,nan,nan,nan,nan
7963-1902,nan,nan,nan,nan,nan,nan,nan,nan,nan,nan,nan,nan
7964-12704,nan,nan,nan,nan,nan,nan,nan,nan,nan,nan,nan,nan
7965-12701,nan,nan,nan,nan,nan,nan,nan,nan,nan,nan,nan,nan
7965-12702,nan,nan,nan,nan,nan,nan,nan,nan,nan,nan,nan,nan
7965-3703,nan,nan,nan,nan,nan,nan,nan,nan,nan,nan,nan,nan
7965-6103,nan,nan,nan,nan,nan,nan,nan,nan,nan,nan,nan,nan
7968-3701,nan,nan,nan,nan,nan,nan,nan,nan,nan,nan,nan,nan
7968-3704,nan,nan,nan,nan,nan,nan,nan,nan,nan,nan,nan,nan
7972-3704,nan,nan,nan,nan,nan,nan,nan,nan,nan,nan,nan,nan
7975-12703,nan,nan,nan,nan,nan,nan,nan,nan,nan,nan,nan,nan
7977-12703,nan,nan,nan,nan,nan,nan,nan,nan,nan,nan,nan,nan
7977-12704,nan,nan,nan,nan,nan,nan,nan,nan,nan,nan,nan,nan
7977-12705,nan,nan,nan,nan,nan,nan,nan,nan,nan,nan,nan,nan
7977-1902,nan,nan,nan,nan,nan,nan,nan,nan,nan,nan,nan,nan
7977-3703,nan,nan,nan,nan,nan,nan,nan,nan,nan,nan,nan,nan
7977-3704,nan,nan,nan,nan,nan,nan,nan,nan,nan,nan,nan,nan
7977-9102,nan,nan,nan,nan,nan,nan,nan,nan,nan,nan,nan,nan
7979-12701,nan,nan,nan,nan,nan,nan,nan,nan,nan,nan,nan,nan
7981-12703,nan,nan,nan,nan,nan,nan,nan,nan,nan,nan,nan,nan
7981-12704,nan,nan,nan,nan,nan,nan,nan,nan,nan,nan,nan,nan
7981-9102,nan,nan,nan,nan,nan,nan,nan,nan,nan,nan,nan,nan
7990-3702,nan,nan,nan,nan,nan,nan,nan,nan,nan,nan,nan,nan
7990-6104,nan,nan,nan,nan,nan,nan,nan,nan,nan,nan,nan,nan
7991-12701,nan,nan,nan,nan,nan,nan,nan,nan,nan,nan,nan,nan
7991-12703,nan,nan,nan,nan,nan,nan,nan,nan,nan,nan,nan,nan
7992-9101,nan,nan,nan,nan,nan,nan,nan,nan,nan,nan,nan,nan
7992-9102,nan,nan,nan,nan,nan,nan,nan,nan,nan,nan,nan,nan
7993-12701,nan,nan,nan,nan,nan,nan,nan,nan,nan,nan,nan,nan
8075-12701,nan,nan,nan,nan,nan,nan,nan,nan,nan,nan,nan,nan
8075-1902,nan,nan,nan,nan,nan,nan,nan,nan,nan,nan,nan,nan
8075-3702,nan,nan,nan,nan,nan,nan,nan,nan,nan,nan,nan,nan
8075-3703,nan,nan,nan,nan,nan,nan,nan,nan,nan,nan,nan,nan
8075-6101,nan,nan,nan,nan,nan,nan,nan,nan,nan,nan,nan,nan
8077-6102,nan,nan,nan,nan,nan,nan,nan,nan,nan,nan,nan,nan
8078-3702,nan,nan,nan,nan,nan,nan,nan,nan,nan,nan,nan,nan
8078-6103,nan,nan,nan,nan,nan,nan,nan,nan,nan,nan,nan,nan
8078-9101,nan,nan,nan,nan,nan,nan,nan,nan,nan,nan,nan,nan
8080-12703,nan,nan,nan,nan,nan,nan,nan,nan,nan,nan,nan,nan
8080-3704,nan,nan,nan,nan,nan,nan,nan,nan,nan,nan,nan,nan
8080-6103,nan,nan,nan,nan,nan,nan,nan,nan,nan,nan,nan,nan
8080-9101,nan,nan,nan,nan,nan,nan,nan,nan,nan,nan,nan,nan
8081-12704,nan,nan,nan,nan,nan,nan,nan,nan,nan,nan,nan,nan
8081-1901,nan,nan,nan,nan,nan,nan,nan,nan,nan,nan,nan,nan
8081-3703,nan,nan,nan,nan,nan,nan,nan,nan,nan,nan,nan,nan
8081-3704,nan,nan,nan,nan,nan,nan,nan,nan,nan,nan,nan,nan
8081-6102,nan,nan,nan,nan,nan,nan,nan,nan,nan,nan,nan,nan
8081-9102,nan,nan,nan,nan,nan,nan,nan,nan,nan,nan,nan,nan
8082-12702,nan,nan,nan,nan,nan,nan,nan,nan,nan,nan,nan,nan
8082-12703,nan,nan,nan,nan,nan,nan,nan,nan,nan,nan,nan,nan
8082-9102,nan,nan,nan,nan,nan,nan,nan,nan,nan,nan,nan,nan
8083-12705,nan,nan,nan,nan,nan,nan,nan,nan,nan,nan,nan,nan
8083-3702,nan,nan,nan,nan,nan,nan,nan,nan,nan,nan,nan,nan
8083-3703,nan,nan,nan,nan,nan,nan,nan,nan,nan,nan,nan,nan
8084-3702,nan,nan,nan,nan,nan,nan,nan,nan,nan,nan,nan,nan
8085-12701,nan,nan,nan,nan,nan,nan,nan,nan,nan,nan,nan,nan
8085-9102,nan,nan,nan,nan,nan,nan,nan,nan,nan,nan,nan,nan
8086-12702,nan,nan,nan,nan,nan,nan,nan,nan,nan,nan,nan,nan
8086-6102,nan,nan,nan,nan,nan,nan,nan,nan,nan,nan,nan,nan
8086-6103,nan,nan,nan,nan,nan,nan,nan,nan,nan,nan,nan,nan
8087-12701,nan,nan,nan,nan,nan,nan,nan,nan,nan,nan,nan,nan
8087-12702,nan,nan,nan,nan,nan,nan,nan,nan,nan,nan,nan,nan
8088-12704,nan,nan,nan,nan,nan,nan,nan,nan,nan,nan,nan,nan
8088-9101,nan,nan,nan,nan,nan,nan,nan,nan,nan,nan,nan,nan
8088-9102,nan,nan,nan,nan,nan,nan,nan,nan,nan,nan,nan,nan
8089-12704,nan,nan,nan,nan,nan,nan,nan,nan,nan,nan,nan,nan
8089-1902,nan,nan,nan,nan,nan,nan,nan,nan,nan,nan,nan,nan
8089-6103,nan,nan,nan,nan,nan,nan,nan,nan,nan,nan,nan,nan
8091-12701,nan,nan,nan,nan,nan,nan,nan,nan,nan,nan,nan,nan
8091-6101,nan,nan,nan,nan,nan,nan,nan,nan,nan,nan,nan,nan
8093-6102,-2.1592973889991933,1.019382491293006,2248.1079574734845,2.7898286849116833,-4.108065573421396,243.24935942623247,0.42343712563552494,4.478885763818169,28.049461342377022,27.233723562958374,37.53106003910267,166.31174592520523
8095-12702,nan,nan,nan,nan,nan,nan,nan,nan,nan,nan,nan,nan
8095-12703,nan,nan,nan,nan,nan,nan,nan,nan,nan,nan,nan,nan
8095-1902,nan,nan,nan,nan,nan,nan,nan,nan,nan,nan,nan,nan
8095-9101,nan,nan,nan,nan,nan,nan,nan,nan,nan,nan,nan,nan
8096-12703,nan,nan,nan,nan,nan,nan,nan,nan,nan,nan,nan,nan
8096-12704,nan,nan,nan,nan,nan,nan,nan,nan,nan,nan,nan,nan
8097-6102,nan,nan,nan,nan,nan,nan,nan,nan,nan,nan,nan,nan
8131-12701,nan,nan,nan,nan,nan,nan,nan,nan,nan,nan,nan,nan
8131-6104,nan,nan,nan,nan,nan,nan,nan,nan,nan,nan,nan,nan
8132-12702,nan,nan,nan,nan,nan,nan,nan,nan,nan,nan,nan,nan
8132-3703,nan,nan,nan,nan,nan,nan,nan,nan,nan,nan,nan,nan
8132-9101,nan,nan,nan,nan,nan,nan,nan,nan,nan,nan,nan,nan
8133-12704,nan,nan,nan,nan,nan,nan,nan,nan,nan,nan,nan,nan
8133-3704,nan,nan,nan,nan,nan,nan,nan,nan,nan,nan,nan,nan
8133-9101,nan,nan,nan,nan,nan,nan,nan,nan,nan,nan,nan,nan
8135-12703,nan,nan,nan,nan,nan,nan,nan,nan,nan,nan,nan,nan
8135-1902,nan,nan,nan,nan,nan,nan,nan,nan,nan,nan,nan,nan
8135-3704,nan,nan,nan,nan,nan,nan,nan,nan,nan,nan,nan,nan
8137-12702,nan,nan,nan,nan,nan,nan,nan,nan,nan,nan,nan,nan
8137-1901,nan,nan,nan,nan,nan,nan,nan,nan,nan,nan,nan,nan
8137-3702,nan,nan,nan,nan,nan,nan,nan,nan,nan,nan,nan,nan
8137-3704,nan,nan,nan,nan,nan,nan,nan,nan,nan,nan,nan,nan
8137-9102,nan,nan,nan,nan,nan,nan,nan,nan,nan,nan,nan,nan
8138-1901,nan,nan,nan,nan,nan,nan,nan,nan,nan,nan,nan,nan
8138-6101,nan,nan,nan,nan,nan,nan,nan,nan,nan,nan,nan,nan
8138-6103,nan,nan,nan,nan,nan,nan,nan,nan,nan,nan,nan,nan
8139-12704,nan,nan,nan,nan,nan,nan,nan,nan,nan,nan,nan,nan
8140-3701,nan,nan,nan,nan,nan,nan,nan,nan,nan,nan,nan,nan
8140-6104,nan,nan,nan,nan,nan,nan,nan,nan,nan,nan,nan,nan
8141-12701,nan,nan,nan,nan,nan,nan,nan,nan,nan,nan,nan,nan
8141-12704,nan,nan,nan,nan,nan,nan,nan,nan,nan,nan,nan,nan
8141-1901,0.9769967059477138,0.4231096754898574,2999.208011808424,0.5766968708280792,-5.784396424995764,251.5445397150365,0.5512495953234303,3.168696978604736,17.391637296482564,17.88222328481279,9.983333337925686,268.49739581700044
8141-3702,nan,nan,nan,nan,nan,nan,nan,nan,nan,nan,nan,nan
8143-12704,nan,nan,nan,nan,nan,nan,nan,nan,nan,nan,nan,nan
8143-6101,nan,nan,nan,nan,nan,nan,nan,nan,nan,nan,nan,nan
8143-9102,nan,nan,nan,nan,nan,nan,nan,nan,nan,nan,nan,nan
8144-12705,nan,nan,nan,nan,nan,nan,nan,nan,nan,nan,nan,nan
8144-3703,nan,nan,nan,nan,nan,nan,nan,nan,nan,nan,nan,nan
8144-6104,nan,nan,nan,nan,nan,nan,nan,nan,nan,nan,nan,nan
8145-1902,nan,nan,nan,nan,nan,nan,nan,nan,nan,nan,nan,nan
8145-3701,nan,nan,nan,nan,nan,nan,nan,nan,nan,nan,nan,nan
8145-6101,nan,nan,nan,nan,nan,nan,nan,nan,nan,nan,nan,nan
8145-9102,nan,nan,nan,nan,nan,nan,nan,nan,nan,nan,nan,nan
8146-12701,nan,nan,nan,nan,nan,nan,nan,nan,nan,nan,nan,nan
8146-12702,nan,nan,nan,nan,nan,nan,nan,nan,nan,nan,nan,nan
8147-12703,-0.2549805997502416,0.9394667341408998,779.0875846177595,8.434699172083146,-4.849607991994632,269.3999092100293,0.5932163089524186,3.0775362960874464,35.402180573125456,35.903085656131985,21.670529580772527,360.1405311006597
8147-3702,nan,nan,nan,nan,nan,nan,nan,nan,nan,nan,nan,nan
8147-9101,nan,nan,nan,nan,nan,nan,nan,nan,nan,nan,nan,nan
8148-12703,nan,nan,nan,nan,nan,nan,nan,nan,nan,nan,nan,nan
8148-1902,nan,nan,nan,nan,nan,nan,nan,nan,nan,nan,nan,nan
8148-6102,nan,nan,nan,nan,nan,nan,nan,nan,nan,nan,nan,nan
8149-3704,nan,nan,nan,nan,nan,nan,nan,nan,nan,nan,nan,nan
8149-6103,nan,nan,nan,nan,nan,nan,nan,nan,nan,nan,nan,nan
8150-12701,nan,nan,nan,nan,nan,nan,nan,nan,nan,nan,nan,nan
8150-3701,nan,nan,nan,nan,nan,nan,nan,nan,nan,nan,nan,nan
8150-6103,nan,nan,nan,nan,nan,nan,nan,nan,nan,nan,nan,nan
8153-12704,nan,nan,nan,nan,nan,nan,nan,nan,nan,nan,nan,nan
8153-1901,nan,nan,nan,nan,nan,nan,nan,nan,nan,nan,nan,nan
8154-12701,nan,nan,nan,nan,nan,nan,nan,nan,nan,nan,nan,nan
8154-12705,nan,nan,nan,nan,nan,nan,nan,nan,nan,nan,nan,nan
8154-6102,nan,nan,nan,nan,nan,nan,nan,nan,nan,nan,nan,nan
8154-9102,nan,nan,nan,nan,nan,nan,nan,nan,nan,nan,nan,nan
8155-3701,nan,nan,nan,nan,nan,nan,nan,nan,nan,nan,nan,nan
8157-3701,nan,nan,nan,nan,nan,nan,nan,nan,nan,nan,nan,nan
8157-3704,nan,nan,nan,nan,nan,nan,nan,nan,nan,nan,nan,nan
8157-6103,nan,nan,nan,nan,nan,nan,nan,nan,nan,nan,nan,nan
8157-9102,nan,nan,nan,nan,nan,nan,nan,nan,nan,nan,nan,nan
8158-12701,nan,nan,nan,nan,nan,nan,nan,nan,nan,nan,nan,nan
8239-12703,nan,nan,nan,nan,nan,nan,nan,nan,nan,nan,nan,nan
8239-3702,nan,nan,nan,nan,nan,nan,nan,nan,nan,nan,nan,nan
8240-12705,nan,nan,nan,nan,nan,nan,nan,nan,nan,nan,nan,nan
8240-6102,nan,nan,nan,nan,nan,nan,nan,nan,nan,nan,nan,nan
8240-6104,nan,nan,nan,nan,nan,nan,nan,nan,nan,nan,nan,nan
8241-12701,nan,nan,nan,nan,nan,nan,nan,nan,nan,nan,nan,nan
8241-12704,nan,nan,nan,nan,nan,nan,nan,nan,nan,nan,nan,nan
8241-3704,-1.61439516548529,0.8307742697188882,513.5383633536266,4.774021766394875,-1.7222734776795596,144.05346132190584,0.4418370648890376,1.6088385288235498,20.952826199169163,20.927214587288056,0.05772260589724535,8750.282079668486
8241-6102,-1.8633364796999567,1.5325878326738687,533.6820426125579,1.9601998670135714,-2.673583621611674,3.393389202450988,0.2883126383160036,2.067777747350695,25.167339936444694,26.0045919613047,4.937315325255647,7557.912297416497
8243-12701,-1.4847912390582012,2.415478119174751,1115.5506504927844,5.4471518320692,-2.8068305720154805,276.2601249173816,1.219974246207774,1.4071596038711873,37.46572700512603,35.61303060234474,2.597234736851404,53.68453155915011
8243-12704,nan,nan,nan,nan,nan,nan,nan,nan,nan,nan,nan,nan
8243-9101,nan,nan,nan,nan,nan,nan,nan,nan,nan,nan,nan,nan
8244-12704,nan,nan,nan,nan,nan,nan,nan,nan,nan,nan,nan,nan
8244-3702,nan,nan,nan,nan,nan,nan,nan,nan,nan,nan,nan,nan
8245-12703,nan,nan,nan,nan,nan,nan,nan,nan,nan,nan,nan,nan
8245-1902,nan,nan,nan,nan,nan,nan,nan,nan,nan,nan,nan,nan
8249-3703,nan,nan,nan,nan,nan,nan,nan,nan,nan,nan,nan,nan
8249-6101,nan,nan,nan,nan,nan,nan,nan,nan,nan,nan,nan,nan
8250-3704,nan,nan,nan,nan,nan,nan,nan,nan,nan,nan,nan,nan
8250-6101,nan,nan,nan,nan,nan,nan,nan,nan,nan,nan,nan,nan
8252-3703,nan,nan,nan,nan,nan,nan,nan,nan,nan,nan,nan,nan
8252-6102,nan,nan,nan,nan,nan,nan,nan,nan,nan,nan,nan,nan
8252-6103,nan,nan,nan,nan,nan,nan,nan,nan,nan,nan,nan,nan
8252-9101,nan,nan,nan,nan,nan,nan,nan,nan,nan,nan,nan,nan
8253-12705,nan,nan,nan,nan,nan,nan,nan,nan,nan,nan,nan,nan
8253-3703,nan,nan,nan,nan,nan,nan,nan,nan,nan,nan,nan,nan
8253-9102,nan,nan,nan,nan,nan,nan,nan,nan,nan,nan,nan,nan
8254-12703,-1.2796603005787934,4.270047554259245,2921.1740178617606,9.284281615188394,-4.888728473363825,216.0565410343164,0.34068752654369067,3.700582520398384,38.34733804330192,40.9626858369251,-38.3882224336766,133.52984336990343
8254-3704,nan,nan,nan,nan,nan,nan,nan,nan,nan,nan,nan,nan
8255-12703,nan,nan,nan,nan,nan,nan,nan,nan,nan,nan,nan,nan
8255-1901,nan,nan,nan,nan,nan,nan,nan,nan,nan,nan,nan,nan
8255-6102,nan,nan,nan,nan,nan,nan,nan,nan,nan,nan,nan,nan
8256-12701,nan,nan,nan,nan,nan,nan,nan,nan,nan,nan,nan,nan
8256-12703,nan,nan,nan,nan,nan,nan,nan,nan,nan,nan,nan,nan
8256-6102,nan,nan,nan,nan,nan,nan,nan,nan,nan,nan,nan,nan
8257-12701,nan,nan,nan,nan,nan,nan,nan,nan,nan,nan,nan,nan
8257-12703,nan,nan,nan,nan,nan,nan,nan,nan,nan,nan,nan,nan
8257-12705,nan,nan,nan,nan,nan,nan,nan,nan,nan,nan,nan,nan
8257-1902,nan,nan,nan,nan,nan,nan,nan,nan,nan,nan,nan,nan
8257-3703,nan,nan,nan,nan,nan,nan,nan,nan,nan,nan,nan,nan
8257-9102,nan,nan,nan,nan,nan,nan,nan,nan,nan,nan,nan,nan
8258-12701,nan,nan,nan,nan,nan,nan,nan,nan,nan,nan,nan,nan
8258-12703,nan,nan,nan,nan,nan,nan,nan,nan,nan,nan,nan,nan
8258-12704,nan,nan,nan,nan,nan,nan,nan,nan,nan,nan,nan,nan
8258-3701,nan,nan,nan,nan,nan,nan,nan,nan,nan,nan,nan,nan
8258-3702,nan,nan,nan,nan,nan,nan,nan,nan,nan,nan,nan,nan
8258-3704,nan,nan,nan,nan,nan,nan,nan,nan,nan,nan,nan,nan
8259-1902,nan,nan,nan,nan,nan,nan,nan,nan,nan,nan,nan,nan
8259-6101,nan,nan,nan,nan,nan,nan,nan,nan,nan,nan,nan,nan
8259-9102,nan,nan,nan,nan,nan,nan,nan,nan,nan,nan,nan,nan
8260-6101,nan,nan,nan,nan,nan,nan,nan,nan,nan,nan,nan,nan
8260-6103,nan,nan,nan,nan,nan,nan,nan,nan,nan,nan,nan,nan
8261-6102,nan,nan,nan,nan,nan,nan,nan,nan,nan,nan,nan,nan
8262-3701,nan,nan,nan,nan,nan,nan,nan,nan,nan,nan,nan,nan
8262-3704,nan,nan,nan,nan,nan,nan,nan,nan,nan,nan,nan,nan
8263-12704,-2.1330736212019614,1.2987386408997905,343.08714747493207,5.248491105663245,-3.568777844961626,259.4442219213245,0.726300181408563,5.810783031959466,35.48870936805474,35.883129204518795,8.947697417185417,25.180265006202198
8263-3701,nan,nan,nan,nan,nan,nan,nan,nan,nan,nan,nan,nan
8263-3703,nan,nan,nan,nan,nan,nan,nan,nan,nan,nan,nan,nan
8309-3702,nan,nan,nan,nan,nan,nan,nan,nan,nan,nan,nan,nan
8309-6101,nan,nan,nan,nan,nan,nan,nan,nan,nan,nan,nan,nan
8310-12701,nan,nan,nan,nan,nan,nan,nan,nan,nan,nan,nan,nan
8310-1902,nan,nan,nan,nan,nan,nan,nan,nan,nan,nan,nan,nan
8311-12703,nan,nan,nan,nan,nan,nan,nan,nan,nan,nan,nan,nan
8311-12705,nan,nan,nan,nan,nan,nan,nan,nan,nan,nan,nan,nan
8312-6104,nan,nan,nan,nan,nan,nan,nan,nan,nan,nan,nan,nan
8313-12701,nan,nan,nan,nan,nan,nan,nan,nan,nan,nan,nan,nan
8313-12704,nan,nan,nan,nan,nan,nan,nan,nan,nan,nan,nan,nan
8313-12705,nan,nan,nan,nan,nan,nan,nan,nan,nan,nan,nan,nan
8313-1901,nan,nan,nan,nan,nan,nan,nan,nan,nan,nan,nan,nan
8313-9101,nan,nan,nan,nan,nan,nan,nan,nan,nan,nan,nan,nan
8314-3701,nan,nan,nan,nan,nan,nan,nan,nan,nan,nan,nan,nan
8315-6101,nan,nan,nan,nan,nan,nan,nan,nan,nan,nan,nan,nan
8317-12704,nan,nan,nan,nan,nan,nan,nan,nan,nan,nan,nan,nan
8317-9101,nan,nan,nan,nan,nan,nan,nan,nan,nan,nan,nan,nan
8318-3702,nan,nan,nan,nan,nan,nan,nan,nan,nan,nan,nan,nan
8318-9101,nan,nan,nan,nan,nan,nan,nan,nan,nan,nan,nan,nan
8319-3703,nan,nan,nan,nan,nan,nan,nan,nan,nan,nan,nan,nan
8319-3704,nan,nan,nan,nan,nan,nan,nan,nan,nan,nan,nan,nan
8320-12703,nan,nan,nan,nan,nan,nan,nan,nan,nan,nan,nan,nan
8320-12705,nan,nan,nan,nan,nan,nan,nan,nan,nan,nan,nan,nan
8321-12701,-3.854542717909281,2.6592028471864304,384.4810348012739,5.712009368653577,-5.605316422678964,274.082181768589,1.197445922785897,1.1791455930245835,37.9119243946244,37.24392769329165,1.4540847980966514,10.838744907276952
8321-6104,nan,nan,nan,nan,nan,nan,nan,nan,nan,nan,nan,nan
8322-12701,nan,nan,nan,nan,nan,nan,nan,nan,nan,nan,nan,nan
8322-12704,nan,nan,nan,nan,nan,nan,nan,nan,nan,nan,nan,nan
8322-3704,nan,nan,nan,nan,nan,nan,nan,nan,nan,nan,nan,nan
8322-9102,nan,nan,nan,nan,nan,nan,nan,nan,nan,nan,nan,nan
8323-12701,nan,nan,nan,nan,nan,nan,nan,nan,nan,nan,nan,nan
8323-3704,nan,nan,nan,nan,nan,nan,nan,nan,nan,nan,nan,nan
8323-6104,nan,nan,nan,nan,nan,nan,nan,nan,nan,nan,nan,nan
8324-3702,nan,nan,nan,nan,nan,nan,nan,nan,nan,nan,nan,nan
8324-6104,nan,nan,nan,nan,nan,nan,nan,nan,nan,nan,nan,nan
8324-9101,nan,nan,nan,nan,nan,nan,nan,nan,nan,nan,nan,nan
8325-12705,nan,nan,nan,nan,nan,nan,nan,nan,nan,nan,nan,nan
8325-3701,nan,nan,nan,nan,nan,nan,nan,nan,nan,nan,nan,nan
8325-3703,nan,nan,nan,nan,nan,nan,nan,nan,nan,nan,nan,nan
8325-9102,nan,nan,nan,nan,nan,nan,nan,nan,nan,nan,nan,nan
8326-12705,nan,nan,nan,nan,nan,nan,nan,nan,nan,nan,nan,nan
8327-12701,nan,nan,nan,nan,nan,nan,nan,nan,nan,nan,nan,nan
8327-12703,nan,nan,nan,nan,nan,nan,nan,nan,nan,nan,nan,nan
8327-1901,nan,nan,nan,nan,nan,nan,nan,nan,nan,nan,nan,nan
8328-3701,nan,nan,nan,nan,nan,nan,nan,nan,nan,nan,nan,nan
8328-9102,nan,nan,nan,nan,nan,nan,nan,nan,nan,nan,nan,nan
8329-12704,nan,nan,nan,nan,nan,nan,nan,nan,nan,nan,nan,nan
8329-6103,nan,nan,nan,nan,nan,nan,nan,nan,nan,nan,nan,nan
8330-12702,nan,nan,nan,nan,nan,nan,nan,nan,nan,nan,nan,nan
8330-1902,nan,nan,nan,nan,nan,nan,nan,nan,nan,nan,nan,nan
8330-6102,nan,nan,nan,nan,nan,nan,nan,nan,nan,nan,nan,nan
8332-12702,nan,nan,nan,nan,nan,nan,nan,nan,nan,nan,nan,nan
8332-1902,nan,nan,nan,nan,nan,nan,nan,nan,nan,nan,nan,nan
8332-3704,nan,nan,nan,nan,nan,nan,nan,nan,nan,nan,nan,nan
8332-9102,nan,nan,nan,nan,nan,nan,nan,nan,nan,nan,nan,nan
8333-12703,nan,nan,nan,nan,nan,nan,nan,nan,nan,nan,nan,nan
8334-12705,nan,nan,nan,nan,nan,nan,nan,nan,nan,nan,nan,nan
8334-3704,nan,nan,nan,nan,nan,nan,nan,nan,nan,nan,nan,nan
8334-6102,nan,nan,nan,nan,nan,nan,nan,nan,nan,nan,nan,nan
8334-6104,nan,nan,nan,nan,nan,nan,nan,nan,nan,nan,nan,nan
8335-12703,nan,nan,nan,nan,nan,nan,nan,nan,nan,nan,nan,nan
8335-12705,nan,nan,nan,nan,nan,nan,nan,nan,nan,nan,nan,nan
8336-6102,nan,nan,nan,nan,nan,nan,nan,nan,nan,nan,nan,nan
8337-12701,nan,nan,nan,nan,nan,nan,nan,nan,nan,nan,nan,nan
8337-3703,nan,nan,nan,nan,nan,nan,nan,nan,nan,nan,nan,nan
8337-6101,nan,nan,nan,nan,nan,nan,nan,nan,nan,nan,nan,nan
8338-1901,nan,nan,nan,nan,nan,nan,nan,nan,nan,nan,nan,nan
8338-6101,nan,nan,nan,nan,nan,nan,nan,nan,nan,nan,nan,nan
8341-12701,nan,nan,nan,nan,nan,nan,nan,nan,nan,nan,nan,nan
8341-12704,nan,nan,nan,nan,nan,nan,nan,nan,nan,nan,nan,nan
8341-6102,nan,nan,nan,nan,nan,nan,nan,nan,nan,nan,nan,nan
8439-12702,nan,nan,nan,nan,nan,nan,nan,nan,nan,nan,nan,nan
8439-12703,nan,nan,nan,nan,nan,nan,nan,nan,nan,nan,nan,nan
8439-6102,nan,nan,nan,nan,nan,nan,nan,nan,nan,nan,nan,nan
8439-6103,nan,nan,nan,nan,nan,nan,nan,nan,nan,nan,nan,nan
8439-9102,nan,nan,nan,nan,nan,nan,nan,nan,nan,nan,nan,nan
8440-12701,nan,nan,nan,nan,nan,nan,nan,nan,nan,nan,nan,nan
8440-1901,nan,nan,nan,nan,nan,nan,nan,nan,nan,nan,nan,nan
8440-1902,nan,nan,nan,nan,nan,nan,nan,nan,nan,nan,nan,nan
8441-3704,nan,nan,nan,nan,nan,nan,nan,nan,nan,nan,nan,nan
8441-6103,nan,nan,nan,nan,nan,nan,nan,nan,nan,nan,nan,nan
8441-6104,-2.80420920452274,1.3113626354655579,1372.1384313926228,11.70938165693785,-2.4821620378265323,386.6314586268442,1.14142667218112,0.3448366964182972,27.389838500536268,27.021899748735883,1.3173330350711128,770.8804134683421
8442-1901,nan,nan,nan,nan,nan,nan,nan,nan,nan,nan,nan,nan
8442-9101,nan,nan,nan,nan,nan,nan,nan,nan,nan,nan,nan,nan
8443-12703,nan,nan,nan,nan,nan,nan,nan,nan,nan,nan,nan,nan
8443-9101,nan,nan,nan,nan,nan,nan,nan,nan,nan,nan,nan,nan
8444-12701,nan,nan,nan,nan,nan,nan,nan,nan,nan,nan,nan,nan
8444-3702,nan,nan,nan,nan,nan,nan,nan,nan,nan,nan,nan,nan
8445-12701,nan,nan,nan,nan,nan,nan,nan,nan,nan,nan,nan,nan
8445-3701,nan,nan,nan,nan,nan,nan,nan,nan,nan,nan,nan,nan
8446-3703,nan,nan,nan,nan,nan,nan,nan,nan,nan,nan,nan,nan
8446-3704,nan,nan,nan,nan,nan,nan,nan,nan,nan,nan,nan,nan
8446-6104,nan,nan,nan,nan,nan,nan,nan,nan,nan,nan,nan,nan
8447-1901,nan,nan,nan,nan,nan,nan,nan,nan,nan,nan,nan,nan
8447-3701,nan,nan,nan,nan,nan,nan,nan,nan,nan,nan,nan,nan
8447-3704,nan,nan,nan,nan,nan,nan,nan,nan,nan,nan,nan,nan
8448-12702,nan,nan,nan,nan,nan,nan,nan,nan,nan,nan,nan,nan
8448-6103,nan,nan,nan,nan,nan,nan,nan,nan,nan,nan,nan,nan
8449-12701,nan,nan,nan,nan,nan,nan,nan,nan,nan,nan,nan,nan
8449-12703,nan,nan,nan,nan,nan,nan,nan,nan,nan,nan,nan,nan
8449-12705,nan,nan,nan,nan,nan,nan,nan,nan,nan,nan,nan,nan
8450-3703,nan,nan,nan,nan,nan,nan,nan,nan,nan,nan,nan,nan
8450-6101,nan,nan,nan,nan,nan,nan,nan,nan,nan,nan,nan,nan
8450-9101,nan,nan,nan,nan,nan,nan,nan,nan,nan,nan,nan,nan
8451-3701,nan,nan,nan,nan,nan,nan,nan,nan,nan,nan,nan,nan
8452-9102,nan,nan,nan,nan,nan,nan,nan,nan,nan,nan,nan,nan
8453-12703,nan,nan,nan,nan,nan,nan,nan,nan,nan,nan,nan,nan
8453-12705,nan,nan,nan,nan,nan,nan,nan,nan,nan,nan,nan,nan
8453-3702,nan,nan,nan,nan,nan,nan,nan,nan,nan,nan,nan,nan
8453-9102,nan,nan,nan,nan,nan,nan,nan,nan,nan,nan,nan,nan
8454-3702,nan,nan,nan,nan,nan,nan,nan,nan,nan,nan,nan,nan
8454-9102,nan,nan,nan,nan,nan,nan,nan,nan,nan,nan,nan,nan
8455-1902,nan,nan,nan,nan,nan,nan,nan,nan,nan,nan,nan,nan
8455-3702,nan,nan,nan,nan,nan,nan,nan,nan,nan,nan,nan,nan
8455-6101,nan,nan,nan,nan,nan,nan,nan,nan,nan,nan,nan,nan
8456-12705,nan,nan,nan,nan,nan,nan,nan,nan,nan,nan,nan,nan
8456-6101,nan,nan,nan,nan,nan,nan,nan,nan,nan,nan,nan,nan
8458-12701,nan,nan,nan,nan,nan,nan,nan,nan,nan,nan,nan,nan
8458-12705,nan,nan,nan,nan,nan,nan,nan,nan,nan,nan,nan,nan
8458-3703,nan,nan,nan,nan,nan,nan,nan,nan,nan,nan,nan,nan
8459-12705,nan,nan,nan,nan,nan,nan,nan,nan,nan,nan,nan,nan
8459-1901,nan,nan,nan,nan,nan,nan,nan,nan,nan,nan,nan,nan
8459-1902,nan,nan,nan,nan,nan,nan,nan,nan,nan,nan,nan,nan
8461-6103,nan,nan,nan,nan,nan,nan,nan,nan,nan,nan,nan,nan
8461-9102,nan,nan,nan,nan,nan,nan,nan,nan,nan,nan,nan,nan
8462-12702,nan,nan,nan,nan,nan,nan,nan,nan,nan,nan,nan,nan
8462-1902,nan,nan,nan,nan,nan,nan,nan,nan,nan,nan,nan,nan
8462-9101,nan,nan,nan,nan,nan,nan,nan,nan,nan,nan,nan,nan
8464-12702,nan,nan,nan,nan,nan,nan,nan,nan,nan,nan,nan,nan
8464-12704,nan,nan,nan,nan,nan,nan,nan,nan,nan,nan,nan,nan
8464-12705,nan,nan,nan,nan,nan,nan,nan,nan,nan,nan,nan,nan
8465-12705,nan,nan,nan,nan,nan,nan,nan,nan,nan,nan,nan,nan
8481-12705,nan,nan,nan,nan,nan,nan,nan,nan,nan,nan,nan,nan
8482-3704,nan,nan,nan,nan,nan,nan,nan,nan,nan,nan,nan,nan
8483-6101,nan,nan,nan,nan,nan,nan,nan,nan,nan,nan,nan,nan
8484-3704,nan,nan,nan,nan,nan,nan,nan,nan,nan,nan,nan,nan
8485-12705,nan,nan,nan,nan,nan,nan,nan,nan,nan,nan,nan,nan
8485-9102,nan,nan,nan,nan,nan,nan,nan,nan,nan,nan,nan,nan
8486-12701,nan,nan,nan,nan,nan,nan,nan,nan,nan,nan,nan,nan
8486-12703,nan,nan,nan,nan,nan,nan,nan,nan,nan,nan,nan,nan
8487-12703,nan,nan,nan,nan,nan,nan,nan,nan,nan,nan,nan,nan
8488-12705,nan,nan,nan,nan,nan,nan,nan,nan,nan,nan,nan,nan
8488-1902,nan,nan,nan,nan,nan,nan,nan,nan,nan,nan,nan,nan
8546-12705,nan,nan,nan,nan,nan,nan,nan,nan,nan,nan,nan,nan
8546-1902,nan,nan,nan,nan,nan,nan,nan,nan,nan,nan,nan,nan
8547-12702,nan,nan,nan,nan,nan,nan,nan,nan,nan,nan,nan,nan
8547-1901,nan,nan,nan,nan,nan,nan,nan,nan,nan,nan,nan,nan
8547-3702,nan,nan,nan,nan,nan,nan,nan,nan,nan,nan,nan,nan
8547-3704,nan,nan,nan,nan,nan,nan,nan,nan,nan,nan,nan,nan
8548-12701,nan,nan,nan,nan,nan,nan,nan,nan,nan,nan,nan,nan
8549-12705,nan,nan,nan,nan,nan,nan,nan,nan,nan,nan,nan,nan
8550-12703,nan,nan,nan,nan,nan,nan,nan,nan,nan,nan,nan,nan
8550-3701,nan,nan,nan,nan,nan,nan,nan,nan,nan,nan,nan,nan
8551-12704,nan,nan,nan,nan,nan,nan,nan,nan,nan,nan,nan,nan
8551-12705,nan,nan,nan,nan,nan,nan,nan,nan,nan,nan,nan,nan
8552-12702,nan,nan,nan,nan,nan,nan,nan,nan,nan,nan,nan,nan
8553-12702,nan,nan,nan,nan,nan,nan,nan,nan,nan,nan,nan,nan
8553-12703,nan,nan,nan,nan,nan,nan,nan,nan,nan,nan,nan,nan
8553-12705,nan,nan,nan,nan,nan,nan,nan,nan,nan,nan,nan,nan
8553-9102,nan,nan,nan,nan,nan,nan,nan,nan,nan,nan,nan,nan
8554-3704,nan,nan,nan,nan,nan,nan,nan,nan,nan,nan,nan,nan
8561-1901,nan,nan,nan,nan,nan,nan,nan,nan,nan,nan,nan,nan
8562-12703,nan,nan,nan,nan,nan,nan,nan,nan,nan,nan,nan,nan
8562-9102,nan,nan,nan,nan,nan,nan,nan,nan,nan,nan,nan,nan
8563-12701,nan,nan,nan,nan,nan,nan,nan,nan,nan,nan,nan,nan
8563-12702,nan,nan,nan,nan,nan,nan,nan,nan,nan,nan,nan,nan
8563-12704,nan,nan,nan,nan,nan,nan,nan,nan,nan,nan,nan,nan
8563-3704,nan,nan,nan,nan,nan,nan,nan,nan,nan,nan,nan,nan
8564-1901,nan,nan,nan,nan,nan,nan,nan,nan,nan,nan,nan,nan
8564-3701,nan,nan,nan,nan,nan,nan,nan,nan,nan,nan,nan,nan
8565-12705,nan,nan,nan,nan,nan,nan,nan,nan,nan,nan,nan,nan
8565-3704,-1.0216867455090601,0.5332451227516327,21.96705690434236,10.133785844534563,-3.802510566743808,319.9264176624166,1.3284553979183233,3.281122969694495,15.972221916152753,17.66352855385121,4.6389959047956575,23.667718445109642
8565-6103,-2.2337188380080377,0.4885260576495975,1778.764677215141,1.3230905749960462,-1.840670591433042,278.34952529831014,0.5198917602171073,0.7959027042023649,26.85294827592084,25.537462271184722,-18.00269683801382,7.720029347038403
8566-12704,nan,nan,nan,nan,nan,nan,nan,nan,nan,nan,nan,nan
8566-9101,nan,nan,nan,nan,nan,nan,nan,nan,nan,nan,nan,nan
8567-6102,nan,nan,nan,nan,nan,nan,nan,nan,nan,nan,nan,nan
8568-6101,nan,nan,nan,nan,nan,nan,nan,nan,nan,nan,nan,nan
8568-6103,nan,nan,nan,nan,nan,nan,nan,nan,nan,nan,nan,nan
8568-6104,nan,nan,nan,nan,nan,nan,nan,nan,nan,nan,nan,nan
8569-12705,nan,nan,nan,nan,nan,nan,nan,nan,nan,nan,nan,nan
8569-3703,nan,nan,nan,nan,nan,nan,nan,nan,nan,nan,nan,nan
8569-9101,nan,nan,nan,nan,nan,nan,nan,nan,nan,nan,nan,nan
8570-12703,nan,nan,nan,nan,nan,nan,nan,nan,nan,nan,nan,nan
8570-3701,nan,nan,nan,nan,nan,nan,nan,nan,nan,nan,nan,nan
8588-12705,nan,nan,nan,nan,nan,nan,nan,nan,nan,nan,nan,nan
8588-1901,nan,nan,nan,nan,nan,nan,nan,nan,nan,nan,nan,nan
8588-3701,nan,nan,nan,nan,nan,nan,nan,nan,nan,nan,nan,nan
8588-3703,nan,nan,nan,nan,nan,nan,nan,nan,nan,nan,nan,nan
8588-6101,nan,nan,nan,nan,nan,nan,nan,nan,nan,nan,nan,nan
8589-12702,nan,nan,nan,nan,nan,nan,nan,nan,nan,nan,nan,nan
8589-12703,nan,nan,nan,nan,nan,nan,nan,nan,nan,nan,nan,nan
8589-12704,nan,nan,nan,nan,nan,nan,nan,nan,nan,nan,nan,nan
8589-9101,nan,nan,nan,nan,nan,nan,nan,nan,nan,nan,nan,nan
8592-6101,nan,nan,nan,nan,nan,nan,nan,nan,nan,nan,nan,nan
8593-12701,nan,nan,nan,nan,nan,nan,nan,nan,nan,nan,nan,nan
8593-12702,nan,nan,nan,nan,nan,nan,nan,nan,nan,nan,nan,nan
8593-12703,nan,nan,nan,nan,nan,nan,nan,nan,nan,nan,nan,nan
8593-12705,nan,nan,nan,nan,nan,nan,nan,nan,nan,nan,nan,nan
8593-6104,nan,nan,nan,nan,nan,nan,nan,nan,nan,nan,nan,nan
8593-9102,nan,nan,nan,nan,nan,nan,nan,nan,nan,nan,nan,nan
8596-12702,nan,nan,nan,nan,nan,nan,nan,nan,nan,nan,nan,nan
8596-6102,nan,nan,nan,nan,nan,nan,nan,nan,nan,nan,nan,nan
8596-6103,nan,nan,nan,nan,nan,nan,nan,nan,nan,nan,nan,nan
8598-12704,nan,nan,nan,nan,nan,nan,nan,nan,nan,nan,nan,nan
8598-12705,nan,nan,nan,nan,nan,nan,nan,nan,nan,nan,nan,nan
8598-3702,nan,nan,nan,nan,nan,nan,nan,nan,nan,nan,nan,nan
8600-12701,nan,nan,nan,nan,nan,nan,nan,nan,nan,nan,nan,nan
8600-12705,nan,nan,nan,nan,nan,nan,nan,nan,nan,nan,nan,nan
8600-1901,nan,nan,nan,nan,nan,nan,nan,nan,nan,nan,nan,nan
8600-3703,nan,nan,nan,nan,nan,nan,nan,nan,nan,nan,nan,nan
8600-3704,nan,nan,nan,nan,nan,nan,nan,nan,nan,nan,nan,nan
8601-12703,nan,nan,nan,nan,nan,nan,nan,nan,nan,nan,nan,nan
8601-3703,nan,nan,nan,nan,nan,nan,nan,nan,nan,nan,nan,nan
8601-6103,nan,nan,nan,nan,nan,nan,nan,nan,nan,nan,nan,nan
8603-12704,nan,nan,nan,nan,nan,nan,nan,nan,nan,nan,nan,nan
8603-9102,nan,nan,nan,nan,nan,nan,nan,nan,nan,nan,nan,nan
8604-12702,nan,nan,nan,nan,nan,nan,nan,nan,nan,nan,nan,nan
8606-6101,nan,nan,nan,nan,nan,nan,nan,nan,nan,nan,nan,nan
8606-9102,nan,nan,nan,nan,nan,nan,nan,nan,nan,nan,nan,nan
8609-9101,nan,nan,nan,nan,nan,nan,nan,nan,nan,nan,nan,nan
8610-1901,nan,nan,nan,nan,nan,nan,nan,nan,nan,nan,nan,nan
8610-3702,nan,nan,nan,nan,nan,nan,nan,nan,nan,nan,nan,nan
8610-6101,nan,nan,nan,nan,nan,nan,nan,nan,nan,nan,nan,nan
8611-12701,nan,nan,nan,nan,nan,nan,nan,nan,nan,nan,nan,nan
8611-6104,nan,nan,nan,nan,nan,nan,nan,nan,nan,nan,nan,nan
8613-12701,nan,nan,nan,nan,nan,nan,nan,nan,nan,nan,nan,nan
8613-1901,nan,nan,nan,nan,nan,nan,nan,nan,nan,nan,nan,nan
8615-12702,nan,nan,nan,nan,nan,nan,nan,nan,nan,nan,nan,nan
8615-3701,nan,nan,nan,nan,nan,nan,nan,nan,nan,nan,nan,nan
8617-12701,nan,nan,nan,nan,nan,nan,nan,nan,nan,nan,nan,nan
8618-3703,nan,nan,nan,nan,nan,nan,nan,nan,nan,nan,nan,nan
8619-12705,nan,nan,nan,nan,nan,nan,nan,nan,nan,nan,nan,nan
8620-3704,nan,nan,nan,nan,nan,nan,nan,nan,nan,nan,nan,nan
8622-3703,nan,nan,nan,nan,nan,nan,nan,nan,nan,nan,nan,nan
8623-12702,nan,nan,nan,nan,nan,nan,nan,nan,nan,nan,nan,nan
8623-12704,nan,nan,nan,nan,nan,nan,nan,nan,nan,nan,nan,nan
8623-6104,nan,nan,nan,nan,nan,nan,nan,nan,nan,nan,nan,nan
8623-9101,nan,nan,nan,nan,nan,nan,nan,nan,nan,nan,nan,nan
8624-12703,nan,nan,nan,nan,nan,nan,nan,nan,nan,nan,nan,nan
8624-9102,nan,nan,nan,nan,nan,nan,nan,nan,nan,nan,nan,nan
8625-12702,nan,nan,nan,nan,nan,nan,nan,nan,nan,nan,nan,nan
8625-12703,nan,nan,nan,nan,nan,nan,nan,nan,nan,nan,nan,nan
8625-3703,nan,nan,nan,nan,nan,nan,nan,nan,nan,nan,nan,nan
8625-6101,nan,nan,nan,nan,nan,nan,nan,nan,nan,nan,nan,nan
8625-9101,nan,nan,nan,nan,nan,nan,nan,nan,nan,nan,nan,nan
8626-12702,nan,nan,nan,nan,nan,nan,nan,nan,nan,nan,nan,nan
8626-3701,nan,nan,nan,nan,nan,nan,nan,nan,nan,nan,nan,nan
8626-3703,nan,nan,nan,nan,nan,nan,nan,nan,nan,nan,nan,nan
8651-6103,nan,nan,nan,nan,nan,nan,nan,nan,nan,nan,nan,nan
8652-12702,nan,nan,nan,nan,nan,nan,nan,nan,nan,nan,nan,nan
8652-12703,nan,nan,nan,nan,nan,nan,nan,nan,nan,nan,nan,nan
8652-12705,nan,nan,nan,nan,nan,nan,nan,nan,nan,nan,nan,nan
8652-6103,nan,nan,nan,nan,nan,nan,nan,nan,nan,nan,nan,nan
8654-12701,nan,nan,nan,nan,nan,nan,nan,nan,nan,nan,nan,nan
8654-12704,nan,nan,nan,nan,nan,nan,nan,nan,nan,nan,nan,nan
8654-6101,nan,nan,nan,nan,nan,nan,nan,nan,nan,nan,nan,nan
8655-12702,nan,nan,nan,nan,nan,nan,nan,nan,nan,nan,nan,nan
8655-12703,nan,nan,nan,nan,nan,nan,nan,nan,nan,nan,nan,nan
8655-3704,nan,nan,nan,nan,nan,nan,nan,nan,nan,nan,nan,nan
8656-12702,nan,nan,nan,nan,nan,nan,nan,nan,nan,nan,nan,nan
8656-12705,nan,nan,nan,nan,nan,nan,nan,nan,nan,nan,nan,nan
8656-1901,nan,nan,nan,nan,nan,nan,nan,nan,nan,nan,nan,nan
8656-1902,nan,nan,nan,nan,nan,nan,nan,nan,nan,nan,nan,nan
8656-3703,nan,nan,nan,nan,nan,nan,nan,nan,nan,nan,nan,nan
8656-6102,nan,nan,nan,nan,nan,nan,nan,nan,nan,nan,nan,nan
8657-12704,nan,nan,nan,nan,nan,nan,nan,nan,nan,nan,nan,nan
8657-3702,nan,nan,nan,nan,nan,nan,nan,nan,nan,nan,nan,nan
8657-3704,nan,nan,nan,nan,nan,nan,nan,nan,nan,nan,nan,nan
8657-6102,nan,nan,nan,nan,nan,nan,nan,nan,nan,nan,nan,nan
8657-6104,nan,nan,nan,nan,nan,nan,nan,nan,nan,nan,nan,nan
8657-9101,nan,nan,nan,nan,nan,nan,nan,nan,nan,nan,nan,nan
8710-3702,nan,nan,nan,nan,nan,nan,nan,nan,nan,nan,nan,nan
8711-12701,nan,nan,nan,nan,nan,nan,nan,nan,nan,nan,nan,nan
8711-12702,nan,nan,nan,nan,nan,nan,nan,nan,nan,nan,nan,nan
8712-6102,nan,nan,nan,nan,nan,nan,nan,nan,nan,nan,nan,nan
8713-12705,nan,nan,nan,nan,nan,nan,nan,nan,nan,nan,nan,nan
8713-9102,nan,nan,nan,nan,nan,nan,nan,nan,nan,nan,nan,nan
8715-12705,nan,nan,nan,nan,nan,nan,nan,nan,nan,nan,nan,nan
8715-1901,nan,nan,nan,nan,nan,nan,nan,nan,nan,nan,nan,nan
8715-3702,nan,nan,nan,nan,nan,nan,nan,nan,nan,nan,nan,nan
8715-9102,nan,nan,nan,nan,nan,nan,nan,nan,nan,nan,nan,nan
8717-3703,nan,nan,nan,nan,nan,nan,nan,nan,nan,nan,nan,nan
8718-12702,nan,nan,nan,nan,nan,nan,nan,nan,nan,nan,nan,nan
8718-12703,nan,nan,nan,nan,nan,nan,nan,nan,nan,nan,nan,nan
8718-1902,nan,nan,nan,nan,nan,nan,nan,nan,nan,nan,nan,nan
8718-6104,nan,nan,nan,nan,nan,nan,nan,nan,nan,nan,nan,nan
8719-6102,nan,nan,nan,nan,nan,nan,nan,nan,nan,nan,nan,nan
8719-6103,nan,nan,nan,nan,nan,nan,nan,nan,nan,nan,nan,nan
8720-12704,nan,nan,nan,nan,nan,nan,nan,nan,nan,nan,nan,nan
8720-1902,nan,nan,nan,nan,nan,nan,nan,nan,nan,nan,nan,nan
8721-9101,nan,nan,nan,nan,nan,nan,nan,nan,nan,nan,nan,nan
8723-12701,nan,nan,nan,nan,nan,nan,nan,nan,nan,nan,nan,nan
8723-12703,nan,nan,nan,nan,nan,nan,nan,nan,nan,nan,nan,nan
8723-1901,nan,nan,nan,nan,nan,nan,nan,nan,nan,nan,nan,nan
8723-3702,nan,nan,nan,nan,nan,nan,nan,nan,nan,nan,nan,nan
8723-6101,nan,nan,nan,nan,nan,nan,nan,nan,nan,nan,nan,nan
8724-3704,nan,nan,nan,nan,nan,nan,nan,nan,nan,nan,nan,nan
8724-6103,nan,nan,nan,nan,nan,nan,nan,nan,nan,nan,nan,nan
8724-9102,nan,nan,nan,nan,nan,nan,nan,nan,nan,nan,nan,nan
8725-6102,nan,nan,nan,nan,nan,nan,nan,nan,nan,nan,nan,nan
8726-12703,nan,nan,nan,nan,nan,nan,nan,nan,nan,nan,nan,nan
8727-12701,nan,nan,nan,nan,nan,nan,nan,nan,nan,nan,nan,nan
8727-12704,nan,nan,nan,nan,nan,nan,nan,nan,nan,nan,nan,nan
8727-6104,nan,nan,nan,nan,nan,nan,nan,nan,nan,nan,nan,nan
8936-6104,nan,nan,nan,nan,nan,nan,nan,nan,nan,nan,nan,nan
8939-3702,nan,nan,nan,nan,nan,nan,nan,nan,nan,nan,nan,nan
8939-3704,nan,nan,nan,nan,nan,nan,nan,nan,nan,nan,nan,nan
8940-12702,nan,nan,nan,nan,nan,nan,nan,nan,nan,nan,nan,nan
8940-12703,nan,nan,nan,nan,nan,nan,nan,nan,nan,nan,nan,nan
8940-3703,nan,nan,nan,nan,nan,nan,nan,nan,nan,nan,nan,nan
8940-3704,nan,nan,nan,nan,nan,nan,nan,nan,nan,nan,nan,nan
8940-6101,nan,nan,nan,nan,nan,nan,nan,nan,nan,nan,nan,nan
8940-9101,nan,nan,nan,nan,nan,nan,nan,nan,nan,nan,nan,nan
8941-12704,nan,nan,nan,nan,nan,nan,nan,nan,nan,nan,nan,nan
8942-12704,nan,nan,nan,nan,nan,nan,nan,nan,nan,nan,nan,nan
8942-1901,nan,nan,nan,nan,nan,nan,nan,nan,nan,nan,nan,nan
8942-1902,nan,nan,nan,nan,nan,nan,nan,nan,nan,nan,nan,nan
8942-6102,nan,nan,nan,nan,nan,nan,nan,nan,nan,nan,nan,nan
8943-1901,nan,nan,nan,nan,nan,nan,nan,nan,nan,nan,nan,nan
8943-3702,nan,nan,nan,nan,nan,nan,nan,nan,nan,nan,nan,nan
8944-1901,nan,nan,nan,nan,nan,nan,nan,nan,nan,nan,nan,nan
8944-3704,nan,nan,nan,nan,nan,nan,nan,nan,nan,nan,nan,nan
8944-9102,nan,nan,nan,nan,nan,nan,nan,nan,nan,nan,nan,nan
8945-12704,nan,nan,nan,nan,nan,nan,nan,nan,nan,nan,nan,nan
8945-12705,nan,nan,nan,nan,nan,nan,nan,nan,nan,nan,nan,nan
8945-3702,nan,nan,nan,nan,nan,nan,nan,nan,nan,nan,nan,nan
8946-6102,nan,nan,nan,nan,nan,nan,nan,nan,nan,nan,nan,nan
8947-12701,nan,nan,nan,nan,nan,nan,nan,nan,nan,nan,nan,nan
8947-12703,nan,nan,nan,nan,nan,nan,nan,nan,nan,nan,nan,nan
8947-1901,nan,nan,nan,nan,nan,nan,nan,nan,nan,nan,nan,nan
8947-3701,nan,nan,nan,nan,nan,nan,nan,nan,nan,nan,nan,nan
8947-9102,nan,nan,nan,nan,nan,nan,nan,nan,nan,nan,nan,nan
8948-12701,nan,nan,nan,nan,nan,nan,nan,nan,nan,nan,nan,nan
8948-3701,nan,nan,nan,nan,nan,nan,nan,nan,nan,nan,nan,nan
8948-3703,nan,nan,nan,nan,nan,nan,nan,nan,nan,nan,nan,nan
8949-12703,nan,nan,nan,nan,nan,nan,nan,nan,nan,nan,nan,nan
8951-12705,nan,nan,nan,nan,nan,nan,nan,nan,nan,nan,nan,nan
8952-12703,nan,nan,nan,nan,nan,nan,nan,nan,nan,nan,nan,nan
8977-12702,nan,nan,nan,nan,nan,nan,nan,nan,nan,nan,nan,nan
8977-9102,nan,nan,nan,nan,nan,nan,nan,nan,nan,nan,nan,nan
8978-12703,nan,nan,nan,nan,nan,nan,nan,nan,nan,nan,nan,nan
8978-12704,nan,nan,nan,nan,nan,nan,nan,nan,nan,nan,nan,nan
8978-3701,nan,nan,nan,nan,nan,nan,nan,nan,nan,nan,nan,nan
8979-12701,nan,nan,nan,nan,nan,nan,nan,nan,nan,nan,nan,nan
8979-3702,nan,nan,nan,nan,nan,nan,nan,nan,nan,nan,nan,nan
8980-9101,nan,nan,nan,nan,nan,nan,nan,nan,nan,nan,nan,nan
8981-12703,nan,nan,nan,nan,nan,nan,nan,nan,nan,nan,nan,nan
8981-3703,nan,nan,nan,nan,nan,nan,nan,nan,nan,nan,nan,nan
8981-6103,nan,nan,nan,nan,nan,nan,nan,nan,nan,nan,nan,nan
8982-1901,nan,nan,nan,nan,nan,nan,nan,nan,nan,nan,nan,nan
8982-1902,nan,nan,nan,nan,nan,nan,nan,nan,nan,nan,nan,nan
8985-1902,nan,nan,nan,nan,nan,nan,nan,nan,nan,nan,nan,nan
8985-6102,nan,nan,nan,nan,nan,nan,nan,nan,nan,nan,nan,nan
8987-3702,nan,nan,nan,nan,nan,nan,nan,nan,nan,nan,nan,nan
8987-6101,nan,nan,nan,nan,nan,nan,nan,nan,nan,nan,nan,nan
8988-12701,nan,nan,nan,nan,nan,nan,nan,nan,nan,nan,nan,nan
8988-3701,nan,nan,nan,nan,nan,nan,nan,nan,nan,nan,nan,nan
8988-3704,nan,nan,nan,nan,nan,nan,nan,nan,nan,nan,nan,nan
8988-6104,nan,nan,nan,nan,nan,nan,nan,nan,nan,nan,nan,nan
8988-9101,nan,nan,nan,nan,nan,nan,nan,nan,nan,nan,nan,nan
8989-3703,nan,nan,nan,nan,nan,nan,nan,nan,nan,nan,nan,nan
8989-9101,nan,nan,nan,nan,nan,nan,nan,nan,nan,nan,nan,nan
8990-12701,nan,nan,nan,nan,nan,nan,nan,nan,nan,nan,nan,nan
8990-6103,nan,nan,nan,nan,nan,nan,nan,nan,nan,nan,nan,nan
8991-3703,nan,nan,nan,nan,nan,nan,nan,nan,nan,nan,nan,nan
8991-6101,nan,nan,nan,nan,nan,nan,nan,nan,nan,nan,nan,nan
8991-6104,nan,nan,nan,nan,nan,nan,nan,nan,nan,nan,nan,nan
8992-12702,nan,nan,nan,nan,nan,nan,nan,nan,nan,nan,nan,nan
8992-12704,nan,nan,nan,nan,nan,nan,nan,nan,nan,nan,nan,nan
8992-3702,nan,nan,nan,nan,nan,nan,nan,nan,nan,nan,nan,nan
8992-3703,nan,nan,nan,nan,nan,nan,nan,nan,nan,nan,nan,nan
8993-12702,nan,nan,nan,nan,nan,nan,nan,nan,nan,nan,nan,nan
8993-12705,nan,nan,nan,nan,nan,nan,nan,nan,nan,nan,nan,nan
8993-3702,0.24809518173774783,0.8671659565123028,74.60175790049169,15.40094839968739,-5.578894908644699,251.17973462488408,0.45794428260443687,5.586937432090635,20.108484677188642,22.011555504600967,6.529057192925727,105.11379893746175
8993-9102,nan,nan,nan,nan,nan,nan,nan,nan,nan,nan,nan,nan
8994-12705,nan,nan,nan,nan,nan,nan,nan,nan,nan,nan,nan,nan
8995-1902,nan,nan,nan,nan,nan,nan,nan,nan,nan,nan,nan,nan
8995-3702,nan,nan,nan,nan,nan,nan,nan,nan,nan,nan,nan,nan
8996-12701,nan,nan,nan,nan,nan,nan,nan,nan,nan,nan,nan,nan
8996-3703,nan,nan,nan,nan,nan,nan,nan,nan,nan,nan,nan,nan
8996-6102,nan,nan,nan,nan,nan,nan,nan,nan,nan,nan,nan,nan
8996-6104,nan,nan,nan,nan,nan,nan,nan,nan,nan,nan,nan,nan
8997-12702,nan,nan,nan,nan,nan,nan,nan,nan,nan,nan,nan,nan
8997-3702,nan,nan,nan,nan,nan,nan,nan,nan,nan,nan,nan,nan
8997-9102,nan,nan,nan,nan,nan,nan,nan,nan,nan,nan,nan,nan
8998-3701,nan,nan,nan,nan,nan,nan,nan,nan,nan,nan,nan,nan
8999-12704,nan,nan,nan,nan,nan,nan,nan,nan,nan,nan,nan,nan
8999-1901,nan,nan,nan,nan,nan,nan,nan,nan,nan,nan,nan,nan
8999-3701,-0.5643122907633946,0.35776527021822707,2020.606863721008,2.8623681439140514,-1.9500099749084108,363.86996548674296,0.6309990499586052,4.297987280374691,11.194289046421964,43.9892235501345,-78.49637477975548,773.5748794323276
8999-6103,nan,nan,nan,nan,nan,nan,nan,nan,nan,nan,nan,nan
9000-6102,nan,nan,nan,nan,nan,nan,nan,nan,nan,nan,nan,nan
9001-6103,nan,nan,nan,nan,nan,nan,nan,nan,nan,nan,nan,nan
9001-6104,nan,nan,nan,nan,nan,nan,nan,nan,nan,nan,nan,nan
9024-12701,nan,nan,nan,nan,nan,nan,nan,nan,nan,nan,nan,nan
9024-1902,nan,nan,nan,nan,nan,nan,nan,nan,nan,nan,nan,nan
9024-6102,nan,nan,nan,nan,nan,nan,nan,nan,nan,nan,nan,nan
9025-3702,nan,nan,nan,nan,nan,nan,nan,nan,nan,nan,nan,nan
9025-6104,nan,nan,nan,nan,nan,nan,nan,nan,nan,nan,nan,nan
9026-3701,nan,nan,nan,nan,nan,nan,nan,nan,nan,nan,nan,nan
9027-9101,nan,nan,nan,nan,nan,nan,nan,nan,nan,nan,nan,nan
9028-12701,nan,nan,nan,nan,nan,nan,nan,nan,nan,nan,nan,nan
9028-12703,nan,nan,nan,nan,nan,nan,nan,nan,nan,nan,nan,nan
9028-1902,nan,nan,nan,nan,nan,nan,nan,nan,nan,nan,nan,nan
9028-6101,nan,nan,nan,nan,nan,nan,nan,nan,nan,nan,nan,nan
9029-12705,nan,nan,nan,nan,nan,nan,nan,nan,nan,nan,nan,nan
9029-6102,nan,nan,nan,nan,nan,nan,nan,nan,nan,nan,nan,nan
9030-3702,nan,nan,nan,nan,nan,nan,nan,nan,nan,nan,nan,nan
9030-9102,nan,nan,nan,nan,nan,nan,nan,nan,nan,nan,nan,nan
9031-3703,nan,nan,nan,nan,nan,nan,nan,nan,nan,nan,nan,nan
9032-6104,nan,nan,nan,nan,nan,nan,nan,nan,nan,nan,nan,nan
9033-12705,nan,nan,nan,nan,nan,nan,nan,nan,nan,nan,nan,nan
9033-1901,nan,nan,nan,nan,nan,nan,nan,nan,nan,nan,nan,nan
9033-1902,nan,nan,nan,nan,nan,nan,nan,nan,nan,nan,nan,nan
9033-3704,nan,nan,nan,nan,nan,nan,nan,nan,nan,nan,nan,nan
9034-3702,nan,nan,nan,nan,nan,nan,nan,nan,nan,nan,nan,nan
9034-3704,nan,nan,nan,nan,nan,nan,nan,nan,nan,nan,nan,nan
9035-12704,nan,nan,nan,nan,nan,nan,nan,nan,nan,nan,nan,nan
9035-12705,nan,nan,nan,nan,nan,nan,nan,nan,nan,nan,nan,nan
9035-3703,nan,nan,nan,nan,nan,nan,nan,nan,nan,nan,nan,nan
9035-6102,nan,nan,nan,nan,nan,nan,nan,nan,nan,nan,nan,nan
9036-12701,nan,nan,nan,nan,nan,nan,nan,nan,nan,nan,nan,nan
9036-12702,nan,nan,nan,nan,nan,nan,nan,nan,nan,nan,nan,nan
9036-6103,nan,nan,nan,nan,nan,nan,nan,nan,nan,nan,nan,nan
9037-12702,nan,nan,nan,nan,nan,nan,nan,nan,nan,nan,nan,nan
9037-9101,nan,nan,nan,nan,nan,nan,nan,nan,nan,nan,nan,nan
9037-9102,nan,nan,nan,nan,nan,nan,nan,nan,nan,nan,nan,nan
9038-1901,nan,nan,nan,nan,nan,nan,nan,nan,nan,nan,nan,nan
9038-3702,nan,nan,nan,nan,nan,nan,nan,nan,nan,nan,nan,nan
9038-6103,nan,nan,nan,nan,nan,nan,nan,nan,nan,nan,nan,nan
9038-6104,nan,nan,nan,nan,nan,nan,nan,nan,nan,nan,nan,nan
9040-6104,-0.8728234322039005,0.7467561308743315,2680.394303227363,4.180897296047176,-1.7249063769246535,447.00071637653065,0.7628984746321794,1.8155132446136522,26.157955297550213,25.99440217506216,-2.8984132247432703,893.2032442713272
9041-12702,nan,nan,nan,nan,nan,nan,nan,nan,nan,nan,nan,nan
9041-3702,nan,nan,nan,nan,nan,nan,nan,nan,nan,nan,nan,nan
9042-6102,nan,nan,nan,nan,nan,nan,nan,nan,nan,nan,nan,nan
9042-9101,nan,nan,nan,nan,nan,nan,nan,nan,nan,nan,nan,nan
9042-9102,-0.010471221314522624,0.6866259157204873,1133.0493498860744,4.085656664797408,-5.66930637076305,256.6348190655451,0.9850262356452921,0.5748732250319265,31.98924435847545,32.83017658655633,2.6733381155324714,86.57286311248069
9044-6101,nan,nan,nan,nan,nan,nan,nan,nan,nan,nan,nan,nan
9044-9101,nan,nan,nan,nan,nan,nan,nan,nan,nan,nan,nan,nan
9045-12703,nan,nan,nan,nan,nan,nan,nan,nan,nan,nan,nan,nan
9045-3702,nan,nan,nan,nan,nan,nan,nan,nan,nan,nan,nan,nan
9046-12705,nan,nan,nan,nan,nan,nan,nan,nan,nan,nan,nan,nan
9046-1902,nan,nan,nan,nan,nan,nan,nan,nan,nan,nan,nan,nan
9046-3703,nan,nan,nan,nan,nan,nan,nan,nan,nan,nan,nan,nan
9047-12705,nan,nan,nan,nan,nan,nan,nan,nan,nan,nan,nan,nan
9048-12704,-1.345478088735716,3.531042831435183,0.7796174536013404,15.054570338613606,-6.006887755686745,256.06128983672625,0.8228891311718792,5.594317293181958,34.80136033482799,39.486275173893674,-11.059531118697322,3.4801877988357925
9048-9101,nan,nan,nan,nan,nan,nan,nan,nan,nan,nan,nan,nan
9049-6103,nan,nan,nan,nan,nan,nan,nan,nan,nan,nan,nan,nan
9085-12705,nan,nan,nan,nan,nan,nan,nan,nan,nan,nan,nan,nan
9085-9102,nan,nan,nan,nan,nan,nan,nan,nan,nan,nan,nan,nan
9086-12701,nan,nan,nan,nan,nan,nan,nan,nan,nan,nan,nan,nan
9086-6102,nan,nan,nan,nan,nan,nan,nan,nan,nan,nan,nan,nan
9087-12705,nan,nan,nan,nan,nan,nan,nan,nan,nan,nan,nan,nan
9087-9101,nan,nan,nan,nan,nan,nan,nan,nan,nan,nan,nan,nan
9088-12701,nan,nan,nan,nan,nan,nan,nan,nan,nan,nan,nan,nan
9088-1901,nan,nan,nan,nan,nan,nan,nan,nan,nan,nan,nan,nan
9089-12702,nan,nan,nan,nan,nan,nan,nan,nan,nan,nan,nan,nan
9089-12704,nan,nan,nan,nan,nan,nan,nan,nan,nan,nan,nan,nan
9089-6104,nan,nan,nan,nan,nan,nan,nan,nan,nan,nan,nan,nan
9089-9101,nan,nan,nan,nan,nan,nan,nan,nan,nan,nan,nan,nan
9090-12703,nan,nan,nan,nan,nan,nan,nan,nan,nan,nan,nan,nan
9090-3701,nan,nan,nan,nan,nan,nan,nan,nan,nan,nan,nan,nan
9091-12704,nan,nan,nan,nan,nan,nan,nan,nan,nan,nan,nan,nan
9091-6104,nan,nan,nan,nan,nan,nan,nan,nan,nan,nan,nan,nan
9091-9101,nan,nan,nan,nan,nan,nan,nan,nan,nan,nan,nan,nan
9092-12703,nan,nan,nan,nan,nan,nan,nan,nan,nan,nan,nan,nan
9092-1902,nan,nan,nan,nan,nan,nan,nan,nan,nan,nan,nan,nan
9092-6101,nan,nan,nan,nan,nan,nan,nan,nan,nan,nan,nan,nan
9095-1901,nan,nan,nan,nan,nan,nan,nan,nan,nan,nan,nan,nan
9095-3701,0.38747150359220933,0.6393270685158002,340.39149644769697,4.865222608419629,-1.6402130004229818,238.9914330000197,0.7042532677810893,4.718563458673756,21.853676331973883,21.940902301806656,3.0913354960505424,88.33114416226074
9095-6102,nan,nan,nan,nan,nan,nan,nan,nan,nan,nan,nan,nan
9181-12705,nan,nan,nan,nan,nan,nan,nan,nan,nan,nan,nan,nan
9181-3703,nan,nan,nan,nan,nan,nan,nan,nan,nan,nan,nan,nan
9182-12702,nan,nan,nan,nan,nan,nan,nan,nan,nan,nan,nan,nan
9182-1902,nan,nan,nan,nan,nan,nan,nan,nan,nan,nan,nan,nan
9182-9102,nan,nan,nan,nan,nan,nan,nan,nan,nan,nan,nan,nan
9183-3703,nan,nan,nan,nan,nan,nan,nan,nan,nan,nan,nan,nan
9183-9101,nan,nan,nan,nan,nan,nan,nan,nan,nan,nan,nan,nan
9184-6102,nan,nan,nan,nan,nan,nan,nan,nan,nan,nan,nan,nan
9184-6104,nan,nan,nan,nan,nan,nan,nan,nan,nan,nan,nan,nan
9185-1902,nan,nan,nan,nan,nan,nan,nan,nan,nan,nan,nan,nan
9185-6102,nan,nan,nan,nan,nan,nan,nan,nan,nan,nan,nan,nan
9186-9101,nan,nan,nan,nan,nan,nan,nan,nan,nan,nan,nan,nan
9187-3702,nan,nan,nan,nan,nan,nan,nan,nan,nan,nan,nan,nan
9187-9101,nan,nan,nan,nan,nan,nan,nan,nan,nan,nan,nan,nan
9188-12702,nan,nan,nan,nan,nan,nan,nan,nan,nan,nan,nan,nan
9188-12704,nan,nan,nan,nan,nan,nan,nan,nan,nan,nan,nan,nan
9188-12705,nan,nan,nan,nan,nan,nan,nan,nan,nan,nan,nan,nan
9188-3701,nan,nan,nan,nan,nan,nan,nan,nan,nan,nan,nan,nan
9188-3703,nan,nan,nan,nan,nan,nan,nan,nan,nan,nan,nan,nan
9188-6102,nan,nan,nan,nan,nan,nan,nan,nan,nan,nan,nan,nan
9188-6103,nan,nan,nan,nan,nan,nan,nan,nan,nan,nan,nan,nan
9188-9101,nan,nan,nan,nan,nan,nan,nan,nan,nan,nan,nan,nan
9188-9102,nan,nan,nan,nan,nan,nan,nan,nan,nan,nan,nan,nan
9189-12703,nan,nan,nan,nan,nan,nan,nan,nan,nan,nan,nan,nan
9189-12704,nan,nan,nan,nan,nan,nan,nan,nan,nan,nan,nan,nan
9189-9101,nan,nan,nan,nan,nan,nan,nan,nan,nan,nan,nan,nan
9190-12702,nan,nan,nan,nan,nan,nan,nan,nan,nan,nan,nan,nan
9190-12705,nan,nan,nan,nan,nan,nan,nan,nan,nan,nan,nan,nan
9190-3702,nan,nan,nan,nan,nan,nan,nan,nan,nan,nan,nan,nan
9191-9102,nan,nan,nan,nan,nan,nan,nan,nan,nan,nan,nan,nan
9192-12704,nan,nan,nan,nan,nan,nan,nan,nan,nan,nan,nan,nan
9192-3703,nan,nan,nan,nan,nan,nan,nan,nan,nan,nan,nan,nan
9192-9102,nan,nan,nan,nan,nan,nan,nan,nan,nan,nan,nan,nan
9193-12703,nan,nan,nan,nan,nan,nan,nan,nan,nan,nan,nan,nan
9194-12701,nan,nan,nan,nan,nan,nan,nan,nan,nan,nan,nan,nan
9194-12702,nan,nan,nan,nan,nan,nan,nan,nan,nan,nan,nan,nan
9194-9101,nan,nan,nan,nan,nan,nan,nan,nan,nan,nan,nan,nan
9195-1902,nan,nan,nan,nan,nan,nan,nan,nan,nan,nan,nan,nan
9195-3703,nan,nan,nan,nan,nan,nan,nan,nan,nan,nan,nan,nan
9195-6104,nan,nan,nan,nan,nan,nan,nan,nan,nan,nan,nan,nan
9196-12701,nan,nan,nan,nan,nan,nan,nan,nan,nan,nan,nan,nan
9484-12704,nan,nan,nan,nan,nan,nan,nan,nan,nan,nan,nan,nan
9484-6101,nan,nan,nan,nan,nan,nan,nan,nan,nan,nan,nan,nan
9484-9101,nan,nan,nan,nan,nan,nan,nan,nan,nan,nan,nan,nan
9484-9102,nan,nan,nan,nan,nan,nan,nan,nan,nan,nan,nan,nan
9485-12705,nan,nan,nan,nan,nan,nan,nan,nan,nan,nan,nan,nan
9486-9102,nan,nan,nan,nan,nan,nan,nan,nan,nan,nan,nan,nan
9487-12702,nan,nan,nan,nan,nan,nan,nan,nan,nan,nan,nan,nan
9487-12704,nan,nan,nan,nan,nan,nan,nan,nan,nan,nan,nan,nan
9487-3703,nan,nan,nan,nan,nan,nan,nan,nan,nan,nan,nan,nan
9487-3704,nan,nan,nan,nan,nan,nan,nan,nan,nan,nan,nan,nan
9487-9102,nan,nan,nan,nan,nan,nan,nan,nan,nan,nan,nan,nan
9488-12701,nan,nan,nan,nan,nan,nan,nan,nan,nan,nan,nan,nan
9488-3703,nan,nan,nan,nan,nan,nan,nan,nan,nan,nan,nan,nan
9488-6103,nan,nan,nan,nan,nan,nan,nan,nan,nan,nan,nan,nan
9489-6102,nan,nan,nan,nan,nan,nan,nan,nan,nan,nan,nan,nan
9490-12703,nan,nan,nan,nan,nan,nan,nan,nan,nan,nan,nan,nan
9490-3702,-0.7395938636376578,2.141533496598066,184.65442410905604,13.762088702897975,-4.949305753243652,270.0486698237798,0.24753997680237202,5.574604911492248,23.357127307871984,20.214858647980453,0.5942036387390078,69.88399330972396
9490-6101,nan,nan,nan,nan,nan,nan,nan,nan,nan,nan,nan,nan
9491-12702,nan,nan,nan,nan,nan,nan,nan,nan,nan,nan,nan,nan
9491-12703,nan,nan,nan,nan,nan,nan,nan,nan,nan,nan,nan,nan
9491-3701,nan,nan,nan,nan,nan,nan,nan,nan,nan,nan,nan,nan
9491-3702,nan,nan,nan,nan,nan,nan,nan,nan,nan,nan,nan,nan
9491-9102,nan,nan,nan,nan,nan,nan,nan,nan,nan,nan,nan,nan
9492-12701,nan,nan,nan,nan,nan,nan,nan,nan,nan,nan,nan,nan
9493-12702,nan,nan,nan,nan,nan,nan,nan,nan,nan,nan,nan,nan
9493-1902,nan,nan,nan,nan,nan,nan,nan,nan,nan,nan,nan,nan
9493-3702,nan,nan,nan,nan,nan,nan,nan,nan,nan,nan,nan,nan
9493-6103,nan,nan,nan,nan,nan,nan,nan,nan,nan,nan,nan,nan
9494-12702,nan,nan,nan,nan,nan,nan,nan,nan,nan,nan,nan,nan
9494-12704,nan,nan,nan,nan,nan,nan,nan,nan,nan,nan,nan,nan
9494-1901,nan,nan,nan,nan,nan,nan,nan,nan,nan,nan,nan,nan
9494-9102,nan,nan,nan,nan,nan,nan,nan,nan,nan,nan,nan,nan
9495-12704,nan,nan,nan,nan,nan,nan,nan,nan,nan,nan,nan,nan
9495-1902,nan,nan,nan,nan,nan,nan,nan,nan,nan,nan,nan,nan
9495-3703,nan,nan,nan,nan,nan,nan,nan,nan,nan,nan,nan,nan
9495-9102,nan,nan,nan,nan,nan,nan,nan,nan,nan,nan,nan,nan
9496-6102,nan,nan,nan,nan,nan,nan,nan,nan,nan,nan,nan,nan
9496-9101,nan,nan,nan,nan,nan,nan,nan,nan,nan,nan,nan,nan
9497-12704,nan,nan,nan,nan,nan,nan,nan,nan,nan,nan,nan,nan
9497-3703,nan,nan,nan,nan,nan,nan,nan,nan,nan,nan,nan,nan
9497-9101,nan,nan,nan,nan,nan,nan,nan,nan,nan,nan,nan,nan
9498-12701,nan,nan,nan,nan,nan,nan,nan,nan,nan,nan,nan,nan
9498-12703,nan,nan,nan,nan,nan,nan,nan,nan,nan,nan,nan,nan
9498-6103,nan,nan,nan,nan,nan,nan,nan,nan,nan,nan,nan,nan
9499-12703,nan,nan,nan,nan,nan,nan,nan,nan,nan,nan,nan,nan
9499-12704,nan,nan,nan,nan,nan,nan,nan,nan,nan,nan,nan,nan
9499-1902,nan,nan,nan,nan,nan,nan,nan,nan,nan,nan,nan,nan
9499-6102,nan,nan,nan,nan,nan,nan,nan,nan,nan,nan,nan,nan
9499-6104,nan,nan,nan,nan,nan,nan,nan,nan,nan,nan,nan,nan
9500-12701,nan,nan,nan,nan,nan,nan,nan,nan,nan,nan,nan,nan
9500-12704,-0.8447884563314622,0.6836486762478221,1424.8193883872773,3.756918833074903,-5.2225674012376055,162.59343769644795,1.1660548142827982,2.127486811520875,36.790669861110764,36.93961041438105,14.491470005127116,28.67003060742547
9500-1901,nan,nan,nan,nan,nan,nan,nan,nan,nan,nan,nan,nan
9500-6101,nan,nan,nan,nan,nan,nan,nan,nan,nan,nan,nan,nan
9501-12704,nan,nan,nan,nan,nan,nan,nan,nan,nan,nan,nan,nan
9501-3703,nan,nan,nan,nan,nan,nan,nan,nan,nan,nan,nan,nan
9501-9101,nan,nan,nan,nan,nan,nan,nan,nan,nan,nan,nan,nan
9502-12705,nan,nan,nan,nan,nan,nan,nan,nan,nan,nan,nan,nan
9502-6102,nan,nan,nan,nan,nan,nan,nan,nan,nan,nan,nan,nan
9503-3701,nan,nan,nan,nan,nan,nan,nan,nan,nan,nan,nan,nan
9503-3702,nan,nan,nan,nan,nan,nan,nan,nan,nan,nan,nan,nan
9504-12703,nan,nan,nan,nan,nan,nan,nan,nan,nan,nan,nan,nan
9504-12704,nan,nan,nan,nan,nan,nan,nan,nan,nan,nan,nan,nan
9504-1902,nan,nan,nan,nan,nan,nan,nan,nan,nan,nan,nan,nan
9504-3702,nan,nan,nan,nan,nan,nan,nan,nan,nan,nan,nan,nan
9504-3704,nan,nan,nan,nan,nan,nan,nan,nan,nan,nan,nan,nan
9505-6102,nan,nan,nan,nan,nan,nan,nan,nan,nan,nan,nan,nan
9505-9102,nan,nan,nan,nan,nan,nan,nan,nan,nan,nan,nan,nan
9506-6101,nan,nan,nan,nan,nan,nan,nan,nan,nan,nan,nan,nan
9507-12705,nan,nan,nan,nan,nan,nan,nan,nan,nan,nan,nan,nan
9508-12702,nan,nan,nan,nan,nan,nan,nan,nan,nan,nan,nan,nan
9508-3703,nan,nan,nan,nan,nan,nan,nan,nan,nan,nan,nan,nan
9509-12703,nan,nan,nan,nan,nan,nan,nan,nan,nan,nan,nan,nan
9509-6104,nan,nan,nan,nan,nan,nan,nan,nan,nan,nan,nan,nan
9510-12702,nan,nan,nan,nan,nan,nan,nan,nan,nan,nan,nan,nan
9510-12703,nan,nan,nan,nan,nan,nan,nan,nan,nan,nan,nan,nan
9510-6101,nan,nan,nan,nan,nan,nan,nan,nan,nan,nan,nan,nan
9510-9101,nan,nan,nan,nan,nan,nan,nan,nan,nan,nan,nan,nan
9511-3704,nan,nan,nan,nan,nan,nan,nan,nan,nan,nan,nan,nan
9512-12701,nan,nan,nan,nan,nan,nan,nan,nan,nan,nan,nan,nan
9512-3704,nan,nan,nan,nan,nan,nan,nan,nan,nan,nan,nan,nan
9513-3703,nan,nan,nan,nan,nan,nan,nan,nan,nan,nan,nan,nan
9514-12704,nan,nan,nan,nan,nan,nan,nan,nan,nan,nan,nan,nan
9514-1901,nan,nan,nan,nan,nan,nan,nan,nan,nan,nan,nan,nan
9514-1902,nan,nan,nan,nan,nan,nan,nan,nan,nan,nan,nan,nan
9862-12703,nan,nan,nan,nan,nan,nan,nan,nan,nan,nan,nan,nan
9863-12701,nan,nan,nan,nan,nan,nan,nan,nan,nan,nan,nan,nan
9864-12703,nan,nan,nan,nan,nan,nan,nan,nan,nan,nan,nan,nan
9864-9102,nan,nan,nan,nan,nan,nan,nan,nan,nan,nan,nan,nan
9865-3702,nan,nan,nan,nan,nan,nan,nan,nan,nan,nan,nan,nan
9865-9102,nan,nan,nan,nan,nan,nan,nan,nan,nan,nan,nan,nan
9866-12702,nan,nan,nan,nan,nan,nan,nan,nan,nan,nan,nan,nan
9866-9102,nan,nan,nan,nan,nan,nan,nan,nan,nan,nan,nan,nan
9867-6104,nan,nan,nan,nan,nan,nan,nan,nan,nan,nan,nan,nan
9867-9102,nan,nan,nan,nan,nan,nan,nan,nan,nan,nan,nan,nan
9868-12705,nan,nan,nan,nan,nan,nan,nan,nan,nan,nan,nan,nan
9868-3702,nan,nan,nan,nan,nan,nan,nan,nan,nan,nan,nan,nan
9868-3703,nan,nan,nan,nan,nan,nan,nan,nan,nan,nan,nan,nan
9869-12702,nan,nan,nan,nan,nan,nan,nan,nan,nan,nan,nan,nan
9869-12705,nan,nan,nan,nan,nan,nan,nan,nan,nan,nan,nan,nan
9869-1902,nan,nan,nan,nan,nan,nan,nan,nan,nan,nan,nan,nan
9869-3704,nan,nan,nan,nan,nan,nan,nan,nan,nan,nan,nan,nan
9870-12705,nan,nan,nan,nan,nan,nan,nan,nan,nan,nan,nan,nan
9870-6104,nan,nan,nan,nan,nan,nan,nan,nan,nan,nan,nan,nan
9870-9101,nan,nan,nan,nan,nan,nan,nan,nan,nan,nan,nan,nan
9872-1901,nan,nan,nan,nan,nan,nan,nan,nan,nan,nan,nan,nan
9872-9101,nan,nan,nan,nan,nan,nan,nan,nan,nan,nan,nan,nan
9875-6101,nan,nan,nan,nan,nan,nan,nan,nan,nan,nan,nan,nan
9878-12704,nan,nan,nan,nan,nan,nan,nan,nan,nan,nan,nan,nan
9878-3703,nan,nan,nan,nan,nan,nan,nan,nan,nan,nan,nan,nan
9878-6101,nan,nan,nan,nan,nan,nan,nan,nan,nan,nan,nan,nan
9879-3701,nan,nan,nan,nan,nan,nan,nan,nan,nan,nan,nan,nan
9879-3704,nan,nan,nan,nan,nan,nan,nan,nan,nan,nan,nan,nan
9881-12705,nan,nan,nan,nan,nan,nan,nan,nan,nan,nan,nan,nan
9882-3703,nan,nan,nan,nan,nan,nan,nan,nan,nan,nan,nan,nan
9883-9102,nan,nan,nan,nan,nan,nan,nan,nan,nan,nan,nan,nan
9884-6101,nan,nan,nan,nan,nan,nan,nan,nan,nan,nan,nan,nan
9884-6103,nan,nan,nan,nan,nan,nan,nan,nan,nan,nan,nan,nan
9884-9101,-0.009050246944824017,1.1596883439675783,570.0382680049888,17.53578417249264,-2.201933577395729,158.07558375368842,0.806892843305143,0.4041190514081342,32.946064275930226,32.348598712194324,-29.392700747003214,89.49132935347825
9885-12705,nan,nan,nan,nan,nan,nan,nan,nan,nan,nan,nan,nan
9885-3703,nan,nan,nan,nan,nan,nan,nan,nan,nan,nan,nan,nan
9886-12705,nan,nan,nan,nan,nan,nan,nan,nan,nan,nan,nan,nan
9886-1902,nan,nan,nan,nan,nan,nan,nan,nan,nan,nan,nan,nan
9887-3701,nan,nan,nan,nan,nan,nan,nan,nan,nan,nan,nan,nan
9888-12704,nan,nan,nan,nan,nan,nan,nan,nan,nan,nan,nan,nan
9888-9101,nan,nan,nan,nan,nan,nan,nan,nan,nan,nan,nan,nan
9891-1902,nan,nan,nan,nan,nan,nan,nan,nan,nan,nan,nan,nan
9892-12705,nan,nan,nan,nan,nan,nan,nan,nan,nan,nan,nan,nan
9892-6103,nan,nan,nan,nan,nan,nan,nan,nan,nan,nan,nan,nan
9892-9102,nan,nan,nan,nan,nan,nan,nan,nan,nan,nan,nan,nan
9893-12703,nan,nan,nan,nan,nan,nan,nan,nan,nan,nan,nan,nan
9893-12704,nan,nan,nan,nan,nan,nan,nan,nan,nan,nan,nan,nan
9894-12702,nan,nan,nan,nan,nan,nan,nan,nan,nan,nan,nan,nan
9894-6104,nan,nan,nan,nan,nan,nan,nan,nan,nan,nan,nan,nan
